datetime,P1,P2,P3,P4,P5,P6
2021-10-22 00:00:03,0.02,0.0103,-6.0,348.0,784.0,0.452
2021-10-22 00:01:03,0.02,0.0103,-5.0,348.0,784.0,0.452
2021-10-22 00:02:04,0.02,0.0103,-6.0,348.0,784.0,0.452
2021-10-22 00:03:04,0.02,0.0103,-5.0,348.0,782.0,0.452
2021-10-22 00:04:05,0.02,0.0103,-5.0,347.0,783.0,0.45299999999999996
2021-10-22 00:05:05,0.02,0.0103,-5.0,347.0,783.0,0.45299999999999996
2021-10-22 00:06:06,0.02,0.0103,-5.0,347.0,783.0,0.45299999999999996
2021-10-22 00:07:06,0.02,0.0103,-5.0,346.0,783.0,0.45299999999999996
2021-10-22 00:08:07,0.02,0.0104,-6.0,346.0,783.0,0.45299999999999996
2021-10-22 00:09:08,0.02,0.0104,-6.0,346.0,783.0,0.45299999999999996
2021-10-22 00:10:08,0.02,0.0104,-5.0,345.0,783.0,0.45399999999999996
2021-10-22 00:11:09,0.02,0.0104,-5.0,345.0,783.0,0.45399999999999996
2021-10-22 00:12:09,0.02,0.0104,-5.0,345.0,783.0,0.45399999999999996
2021-10-22 00:13:10,0.02,0.0104,-6.0,344.0,783.0,0.45399999999999996
2021-10-22 00:14:10,0.02,0.0104,-6.0,344.0,783.0,0.45399999999999996
2021-10-22 00:15:11,0.02,0.0104,-5.0,344.0,783.0,0.45399999999999996
2021-10-22 00:16:11,0.02,0.0104,-5.0,343.0,783.0,0.455
2021-10-22 00:17:12,0.02,0.0104,-5.0,343.0,782.0,0.45399999999999996
2021-10-22 00:18:13,0.02,0.0104,-6.0,343.0,784.0,0.455
2021-10-22 00:19:13,0.02,0.0104,-6.0,342.0,783.0,0.456
2021-10-22 00:20:14,0.02,0.0104,-5.0,342.0,783.0,0.456
2021-10-22 00:21:14,0.02,0.0104,-5.0,342.0,783.0,0.456
2021-10-22 00:22:15,0.02,0.0104,-6.0,342.0,782.0,0.456
2021-10-22 00:23:15,0.02,0.0105,-5.0,341.0,784.0,0.456
2021-10-22 00:24:15,0.02,0.0105,-5.0,341.0,783.0,0.456
2021-10-22 00:25:16,0.02,0.0105,-5.0,341.0,784.0,0.457
2021-10-22 00:26:17,0.02,0.0105,-6.0,340.0,783.0,0.457
2021-10-22 00:27:17,0.02,0.0105,-5.0,340.0,784.0,0.457
2021-10-22 00:28:17,0.02,0.0105,-6.0,340.0,783.0,0.457
2021-10-22 00:29:18,0.02,0.0105,-5.0,339.0,782.0,0.457
2021-10-22 00:30:18,0.02,0.0105,-6.0,339.0,783.0,0.457
2021-10-22 00:31:19,0.02,0.0105,-6.0,339.0,784.0,0.457
2021-10-22 00:32:19,0.02,0.0105,-5.0,338.0,783.0,0.457
2021-10-22 00:33:20,0.02,0.0105,-5.0,338.0,784.0,0.457
2021-10-22 00:34:20,0.02,0.0105,-5.0,338.0,783.0,0.45799999999999996
2021-10-22 00:35:21,0.02,0.0105,-5.0,337.0,783.0,0.45899999999999996
2021-10-22 00:36:21,0.02,0.0105,-5.0,337.0,783.0,0.45799999999999996
2021-10-22 00:37:22,0.02,0.0105,-5.0,337.0,783.0,0.45799999999999996
2021-10-22 00:38:22,0.02,0.0105,-5.0,337.0,784.0,0.45799999999999996
2021-10-22 00:39:23,0.02,0.0106,-5.0,336.0,783.0,0.45899999999999996
2021-10-22 00:40:23,0.02,0.0105,-6.0,336.0,783.0,0.45899999999999996
2021-10-22 00:41:23,0.02,0.0106,-5.0,336.0,784.0,0.45899999999999996
2021-10-22 00:42:24,0.02,0.0106,-5.0,335.0,783.0,0.46
2021-10-22 00:43:25,0.02,0.0106,-5.0,335.0,783.0,0.45899999999999996
2021-10-22 00:44:25,0.02,0.0106,-5.0,335.0,784.0,0.45899999999999996
2021-10-22 00:45:26,0.02,0.0106,-6.0,334.0,783.0,0.45899999999999996
2021-10-22 00:46:26,0.02,0.0106,-5.0,334.0,783.0,0.46
2021-10-22 00:47:26,0.02,0.0106,-5.0,334.0,784.0,0.46
2021-10-22 00:48:27,0.02,0.0106,-5.0,333.0,783.0,0.46
2021-10-22 00:49:27,0.02,0.0106,-6.0,333.0,783.0,0.46
2021-10-22 00:50:28,0.02,0.0106,-6.0,333.0,783.0,0.461
2021-10-22 00:51:28,0.02,0.0106,-6.0,333.0,784.0,0.461
2021-10-22 00:52:29,0.02,0.0106,-6.0,332.0,783.0,0.46
2021-10-22 00:53:30,0.02,0.0106,-5.0,332.0,784.0,0.461
2021-10-22 00:54:30,0.02,0.0106,-5.0,332.0,783.0,0.461
2021-10-22 00:55:31,0.02,0.0106,-6.0,331.0,784.0,0.461
2021-10-22 00:56:32,0.02,0.0106,-6.0,331.0,783.0,0.462
2021-10-22 00:57:32,0.02,0.0106,-5.0,331.0,784.0,0.462
2021-10-22 00:58:33,0.02,0.0106,-6.0,330.0,784.0,0.462
2021-10-22 00:59:33,0.02,0.0106,-5.0,330.0,783.0,0.462
2021-10-22 01:00:34,0.02,0.0107,-5.0,330.0,784.0,0.462
2021-10-22 01:01:34,0.02,0.0107,-5.0,329.0,783.0,0.462
2021-10-22 01:02:35,0.02,0.0107,-5.0,329.0,782.0,0.462
2021-10-22 01:03:35,0.02,0.0107,-5.0,329.0,783.0,0.462
2021-10-22 01:04:36,0.02,0.0107,-5.0,329.0,783.0,0.46299999999999997
2021-10-22 01:05:36,0.02,0.0107,-6.0,328.0,783.0,0.46299999999999997
2021-10-22 01:06:37,0.02,0.0107,-5.0,328.0,783.0,0.462
2021-10-22 01:07:37,0.02,0.0107,-5.0,328.0,783.0,0.46299999999999997
2021-10-22 01:08:38,0.02,0.0107,-5.0,328.0,783.0,0.46299999999999997
2021-10-22 01:09:38,0.02,0.0108,-6.0,327.0,783.0,0.46299999999999997
2021-10-22 01:10:39,0.02,0.0107,-6.0,327.0,784.0,0.46299999999999997
2021-10-22 01:11:39,0.02,0.0108,-5.0,327.0,782.0,0.46299999999999997
2021-10-22 01:12:40,0.02,0.0108,-6.0,326.0,783.0,0.46299999999999997
2021-10-22 01:13:40,0.02,0.0108,-5.0,326.0,784.0,0.46299999999999997
2021-10-22 01:14:41,0.02,0.0108,-5.0,326.0,783.0,0.46299999999999997
2021-10-22 01:15:41,0.02,0.0108,-5.0,325.0,783.0,0.46399999999999997
2021-10-22 01:16:42,0.02,0.0108,-5.0,325.0,783.0,0.46399999999999997
2021-10-22 01:17:42,0.02,0.0108,-5.0,325.0,783.0,0.465
2021-10-22 01:18:43,0.02,0.0108,-5.0,324.0,783.0,0.46399999999999997
2021-10-22 01:19:43,0.02,0.0108,-6.0,324.0,784.0,0.465
2021-10-22 01:20:44,0.02,0.0108,-5.0,324.0,783.0,0.465
2021-10-22 01:21:44,0.02,0.0108,-5.0,323.0,783.0,0.46399999999999997
2021-10-22 01:22:45,0.02,0.0108,-5.0,323.0,784.0,0.465
2021-10-22 01:23:45,0.02,0.0108,-5.0,323.0,782.0,0.465
2021-10-22 01:24:46,0.02,0.0108,-6.0,323.0,783.0,0.465
2021-10-22 01:25:47,0.02,0.0108,-5.0,322.0,782.0,0.465
2021-10-22 01:26:47,0.02,0.0108,-5.0,322.0,783.0,0.466
2021-10-22 01:27:48,0.02,0.0108,-6.0,322.0,783.0,0.466
2021-10-22 01:28:48,0.02,0.0108,-5.0,321.0,783.0,0.465
2021-10-22 01:29:49,0.02,0.0108,-6.0,321.0,783.0,0.466
2021-10-22 01:30:49,0.02,0.0108,-6.0,321.0,783.0,0.465
2021-10-22 01:31:50,0.02,0.0108,-5.0,321.0,783.0,0.466
2021-10-22 01:32:50,0.02,0.0108,-5.0,320.0,783.0,0.466
2021-10-22 01:33:51,0.02,0.0108,-6.0,320.0,782.0,0.467
2021-10-22 01:34:51,0.02,0.0109,-5.0,320.0,783.0,0.467
2021-10-22 01:35:52,0.02,0.0109,-5.0,320.0,783.0,0.467
2021-10-22 01:36:52,0.02,0.0109,-5.0,319.0,784.0,0.467
2021-10-22 01:37:53,0.02,0.0109,-6.0,319.0,784.0,0.467
2021-10-22 01:38:53,0.02,0.0109,-5.0,318.0,783.0,0.467
2021-10-22 01:39:54,0.02,0.0109,-6.0,318.0,782.0,0.46799999999999997
2021-10-22 01:40:54,0.02,0.0109,-6.0,318.0,783.0,0.46799999999999997
2021-10-22 01:41:54,0.02,0.0109,-5.0,317.0,783.0,0.46799999999999997
2021-10-22 01:42:55,0.02,0.011,-6.0,317.0,783.0,0.469
2021-10-22 01:43:55,0.02,0.011,-5.0,317.0,783.0,0.46799999999999997
2021-10-22 01:44:56,0.02,0.011,-6.0,317.0,783.0,0.46799999999999997
2021-10-22 01:45:56,0.02,0.011,-6.0,316.0,783.0,0.469
2021-10-22 01:46:57,0.02,0.011,-6.0,316.0,782.0,0.467
2021-10-22 01:47:57,0.02,0.011,-5.0,315.0,783.0,0.469
2021-10-22 01:48:58,0.02,0.011,-5.0,315.0,783.0,0.469
2021-10-22 01:49:58,0.02,0.011,-6.0,315.0,783.0,0.47
2021-10-22 01:50:59,0.02,0.011,-5.0,315.0,784.0,0.469
2021-10-22 01:51:59,0.02,0.011,-6.0,314.0,782.0,0.469
2021-10-22 01:53:00,0.02,0.011,-6.0,314.0,784.0,0.47
2021-10-22 01:54:00,0.02,0.011,-6.0,314.0,783.0,0.47
2021-10-22 01:55:01,0.02,0.011,-5.0,313.0,783.0,0.47
2021-10-22 01:56:02,0.02,0.011,-5.0,313.0,783.0,0.47
2021-10-22 01:57:02,0.02,0.011,-6.0,313.0,783.0,0.47
2021-10-22 01:58:03,0.02,0.011,-6.0,313.0,783.0,0.47100000000000003
2021-10-22 01:59:03,0.02,0.011,-5.0,312.0,783.0,0.47100000000000003
2021-10-22 02:00:04,0.02,0.011,-6.0,312.0,784.0,0.47100000000000003
2021-10-22 02:01:04,0.02,0.011,-5.0,312.0,783.0,0.47
2021-10-22 02:02:05,0.02,0.011,-5.0,311.0,784.0,0.47100000000000003
2021-10-22 02:03:05,0.02,0.011,-5.0,311.0,783.0,0.47100000000000003
2021-10-22 02:04:06,0.02,0.011,-6.0,311.0,784.0,0.47200000000000003
2021-10-22 02:05:06,0.02,0.011,-6.0,310.0,784.0,0.47200000000000003
2021-10-22 02:06:07,0.02,0.0111,-5.0,310.0,783.0,0.47100000000000003
2021-10-22 02:07:07,0.02,0.011,-5.0,310.0,783.0,0.47200000000000003
2021-10-22 02:08:08,0.02,0.0111,-6.0,310.0,784.0,0.47200000000000003
2021-10-22 02:09:08,0.02,0.0111,-6.0,309.0,782.0,0.47200000000000003
2021-10-22 02:10:09,0.02,0.0111,-6.0,309.0,783.0,0.473
2021-10-22 02:11:10,0.02,0.0111,-5.0,309.0,783.0,0.473
2021-10-22 02:12:10,0.02,0.0111,-6.0,308.0,783.0,0.474
2021-10-22 02:13:10,0.02,0.0111,-5.0,308.0,783.0,0.473
2021-10-22 02:14:11,0.02,0.0111,-5.0,308.0,783.0,0.474
2021-10-22 02:15:12,0.02,0.0111,-6.0,307.0,783.0,0.474
2021-10-22 02:16:12,0.02,0.0111,-5.0,307.0,784.0,0.474
2021-10-22 02:17:13,0.02,0.0111,-6.0,307.0,783.0,0.474
2021-10-22 02:18:13,0.02,0.0111,-6.0,306.0,782.0,0.474
2021-10-22 02:19:14,0.02,0.0112,-6.0,306.0,783.0,0.474
2021-10-22 02:20:14,0.02,0.0112,-5.0,306.0,783.0,0.475
2021-10-22 02:21:15,0.02,0.0112,-5.0,305.0,782.0,0.475
2021-10-22 02:22:15,0.02,0.0112,-6.0,305.0,782.0,0.475
2021-10-22 02:23:15,0.02,0.0112,-5.0,305.0,782.0,0.475
2021-10-22 02:24:16,0.02,0.0112,-6.0,305.0,782.0,0.475
2021-10-22 02:25:17,0.02,0.0112,-6.0,304.0,781.0,0.475
2021-10-22 02:26:17,0.02,0.0112,-5.0,304.0,781.0,0.475
2021-10-22 02:27:18,0.02,0.0112,-5.0,304.0,782.0,0.47600000000000003
2021-10-22 02:28:18,0.02,0.0112,-6.0,303.0,781.0,0.47600000000000003
2021-10-22 02:29:19,0.02,0.0112,-5.0,303.0,781.0,0.47600000000000003
2021-10-22 02:30:20,0.02,0.0112,-6.0,303.0,782.0,0.47600000000000003
2021-10-22 02:31:20,0.02,0.0113,-5.0,303.0,783.0,0.47600000000000003
2021-10-22 02:32:21,0.02,0.0113,-6.0,302.0,782.0,0.47600000000000003
2021-10-22 02:33:21,0.02,0.0113,-6.0,302.0,781.0,0.47700000000000004
2021-10-22 02:34:22,0.02,0.0113,-6.0,302.0,782.0,0.47600000000000003
2021-10-22 02:35:22,0.02,0.0113,-5.0,301.0,782.0,0.47700000000000004
2021-10-22 02:36:23,0.02,0.0113,-6.0,301.0,782.0,0.47700000000000004
2021-10-22 02:37:23,0.02,0.0113,-5.0,301.0,782.0,0.47700000000000004
2021-10-22 02:38:24,0.02,0.0113,-5.0,301.0,782.0,0.478
2021-10-22 02:39:24,0.02,0.0113,-6.0,300.0,782.0,0.478
2021-10-22 02:40:24,0.02,0.0113,-6.0,300.0,782.0,0.478
2021-10-22 02:41:25,0.02,0.0113,-6.0,300.0,782.0,0.478
2021-10-22 02:42:26,0.02,0.0113,-5.0,299.0,783.0,0.47700000000000004
2021-10-22 02:43:26,0.02,0.0113,-5.0,299.0,782.0,0.478
2021-10-22 02:44:27,0.02,0.0113,-6.0,299.0,782.0,0.478
2021-10-22 02:45:27,0.02,0.0113,-5.0,298.0,782.0,0.478
2021-10-22 02:46:28,0.02,0.0113,-6.0,298.0,782.0,0.479
2021-10-22 02:47:28,0.02,0.0113,-5.0,298.0,781.0,0.479
2021-10-22 02:48:29,0.02,0.0113,-5.0,298.0,782.0,0.479
2021-10-22 02:49:29,0.02,0.0113,-6.0,297.0,782.0,0.479
2021-10-22 02:50:30,0.02,0.0113,-5.0,297.0,783.0,0.479
2021-10-22 02:51:30,0.02,0.0113,-6.0,297.0,782.0,0.479
2021-10-22 02:52:31,0.02,0.0113,-6.0,296.0,782.0,0.48100000000000004
2021-10-22 02:53:31,0.02,0.0113,-5.0,296.0,781.0,0.48
2021-10-22 02:54:32,0.02,0.0114,-5.0,296.0,782.0,0.479
2021-10-22 02:55:32,0.02,0.0114,-6.0,296.0,782.0,0.48
2021-10-22 02:56:33,0.02,0.0114,-6.0,295.0,782.0,0.48100000000000004
2021-10-22 02:57:34,0.02,0.0114,-6.0,295.0,782.0,0.48100000000000004
2021-10-22 02:58:34,0.02,0.0114,-6.0,295.0,782.0,0.48100000000000004
2021-10-22 02:59:35,0.02,0.0114,-5.0,294.0,781.0,0.48100000000000004
2021-10-22 03:00:35,0.02,0.0114,-5.0,294.0,782.0,0.48100000000000004
2021-10-22 03:01:36,0.02,0.0114,-6.0,294.0,782.0,0.48100000000000004
2021-10-22 03:02:36,0.02,0.0114,-6.0,293.0,782.0,0.48100000000000004
2021-10-22 03:03:37,0.02,0.0115,-6.0,293.0,781.0,0.48100000000000004
2021-10-22 03:04:37,0.02,0.0115,-6.0,293.0,782.0,0.48200000000000004
2021-10-22 03:05:38,0.02,0.0115,-6.0,293.0,781.0,0.48200000000000004
2021-10-22 03:06:38,0.02,0.0115,-6.0,293.0,782.0,0.48200000000000004
2021-10-22 03:07:39,0.02,0.0115,-6.0,292.0,782.0,0.48200000000000004
2021-10-22 03:08:40,0.02,0.0115,-6.0,292.0,781.0,0.48200000000000004
2021-10-22 03:09:40,0.02,0.0115,-6.0,292.0,782.0,0.48200000000000004
2021-10-22 03:10:41,0.02,0.0115,-5.0,291.0,782.0,0.483
2021-10-22 03:11:41,0.02,0.0115,-5.0,291.0,782.0,0.483
2021-10-22 03:12:42,0.02,0.0115,-6.0,291.0,782.0,0.484
2021-10-22 03:13:42,0.02,0.0115,-6.0,290.0,781.0,0.483
2021-10-22 03:14:43,0.02,0.0115,-6.0,290.0,782.0,0.484
2021-10-22 03:15:43,0.02,0.0115,-6.0,290.0,782.0,0.484
2021-10-22 03:16:44,0.02,0.0116,-6.0,290.0,782.0,0.484
2021-10-22 03:17:44,0.02,0.0116,-6.0,289.0,781.0,0.484
2021-10-22 03:18:45,0.02,0.0116,-6.0,289.0,782.0,0.484
2021-10-22 03:19:45,0.02,0.0116,-5.0,289.0,782.0,0.484
2021-10-22 03:20:46,0.02,0.0115,-6.0,288.0,781.0,0.485
2021-10-22 03:21:46,0.02,0.0115,-6.0,288.0,781.0,0.485
2021-10-22 03:22:46,0.02,0.0115,-5.0,288.0,782.0,0.485
2021-10-22 03:23:47,0.02,0.0116,-6.0,288.0,782.0,0.486
2021-10-22 03:24:48,0.02,0.0116,-6.0,287.0,782.0,0.485
2021-10-22 03:25:48,0.02,0.0116,-6.0,287.0,782.0,0.486
2021-10-22 03:26:49,0.02,0.0116,-6.0,287.0,782.0,0.485
2021-10-22 03:27:49,0.02,0.0116,-5.0,286.0,782.0,0.485
2021-10-22 03:28:50,0.02,0.0116,-6.0,286.0,782.0,0.486
2021-10-22 03:29:51,0.02,0.0116,-6.0,286.0,781.0,0.486
2021-10-22 03:30:51,0.02,0.0116,-5.0,286.0,781.0,0.48700000000000004
2021-10-22 03:31:52,0.02,0.0116,-6.0,285.0,782.0,0.48700000000000004
2021-10-22 03:32:52,0.02,0.0116,-5.0,285.0,783.0,0.486
2021-10-22 03:33:53,0.02,0.0116,-6.0,285.0,781.0,0.486
2021-10-22 03:34:53,0.02,0.0116,-6.0,284.0,782.0,0.486
2021-10-22 03:35:54,0.02,0.0116,-6.0,284.0,782.0,0.48700000000000004
2021-10-22 03:36:54,0.02,0.0116,-5.0,284.0,782.0,0.486
2021-10-22 03:37:54,0.02,0.0116,-5.0,284.0,781.0,0.48700000000000004
2021-10-22 03:38:55,0.02,0.0116,-6.0,283.0,781.0,0.488
2021-10-22 03:39:56,0.02,0.0117,-6.0,283.0,782.0,0.488
2021-10-22 03:40:56,0.02,0.0117,-6.0,283.0,782.0,0.488
2021-10-22 03:41:57,0.02,0.0117,-6.0,283.0,782.0,0.488
2021-10-22 03:42:57,0.02,0.0117,-6.0,283.0,782.0,0.488
2021-10-22 03:43:58,0.02,0.0117,-6.0,282.0,781.0,0.488
2021-10-22 03:44:58,0.02,0.0117,-6.0,282.0,782.0,0.488
2021-10-22 03:45:59,0.02,0.0117,-6.0,281.0,782.0,0.488
2021-10-22 03:46:59,0.02,0.0117,-6.0,281.0,781.0,0.489
2021-10-22 03:48:00,0.02,0.0117,-6.0,281.0,782.0,0.489
2021-10-22 03:49:00,0.02,0.0118,-6.0,281.0,782.0,0.489
2021-10-22 03:50:01,0.02,0.0118,-6.0,280.0,782.0,0.489
2021-10-22 03:51:01,0.02,0.0118,-6.0,280.0,781.0,0.489
2021-10-22 03:52:02,0.02,0.0118,-6.0,280.0,781.0,0.489
2021-10-22 03:53:02,0.02,0.0118,-6.0,280.0,782.0,0.489
2021-10-22 03:54:03,0.02,0.0118,-5.0,279.0,782.0,0.489
2021-10-22 03:55:04,0.02,0.0118,-5.0,279.0,782.0,0.49
2021-10-22 03:56:04,0.02,0.0118,-5.0,279.0,782.0,0.49
2021-10-22 03:57:05,0.02,0.0118,-6.0,278.0,782.0,0.49
2021-10-22 03:58:06,0.02,0.0118,-5.0,278.0,782.0,0.491
2021-10-22 03:59:06,0.02,0.0118,-6.0,278.0,782.0,0.491
2021-10-22 04:00:07,0.02,0.0118,-6.0,277.0,781.0,0.491
2021-10-22 04:01:07,0.02,0.0118,-6.0,277.0,782.0,0.491
2021-10-22 04:02:08,0.02,0.0118,-5.0,277.0,782.0,0.491
2021-10-22 04:03:08,0.02,0.0118,-6.0,277.0,782.0,0.491
2021-10-22 04:04:09,0.02,0.0118,-6.0,276.0,782.0,0.49200000000000005
2021-10-22 04:05:10,0.02,0.0118,-6.0,276.0,782.0,0.49200000000000005
2021-10-22 04:06:10,0.02,0.0118,-6.0,276.0,782.0,0.49200000000000005
2021-10-22 04:07:11,0.02,0.0118,-6.0,276.0,781.0,0.49200000000000005
2021-10-22 04:08:11,0.02,0.0118,-6.0,275.0,782.0,0.49200000000000005
2021-10-22 04:09:12,0.02,0.0118,-6.0,275.0,782.0,0.49200000000000005
2021-10-22 04:10:12,0.02,0.0118,-6.0,275.0,781.0,0.49200000000000005
2021-10-22 04:11:13,0.02,0.0119,-5.0,275.0,781.0,0.49200000000000005
2021-10-22 04:12:13,0.02,0.0119,-6.0,274.0,781.0,0.49200000000000005
2021-10-22 04:13:14,0.02,0.0119,-6.0,274.0,782.0,0.493
2021-10-22 04:14:15,0.02,0.0119,-6.0,274.0,781.0,0.493
2021-10-22 04:15:15,0.02,0.0119,-6.0,273.0,782.0,0.493
2021-10-22 04:16:16,0.02,0.0119,-6.0,273.0,782.0,0.494
2021-10-22 04:17:16,0.02,0.0119,-6.0,273.0,782.0,0.493
2021-10-22 04:18:17,0.02,0.0119,-6.0,272.0,781.0,0.493
2021-10-22 04:19:17,0.02,0.0119,-6.0,272.0,782.0,0.493
2021-10-22 04:20:18,0.02,0.0119,-5.0,272.0,781.0,0.494
2021-10-22 04:21:18,0.02,0.0119,-6.0,272.0,782.0,0.494
2021-10-22 04:22:19,0.02,0.012,-6.0,271.0,782.0,0.494
2021-10-22 04:23:19,0.02,0.012,-6.0,271.0,783.0,0.495
2021-10-22 04:24:20,0.02,0.012,-6.0,271.0,782.0,0.495
2021-10-22 04:25:20,0.02,0.012,-6.0,271.0,783.0,0.495
2021-10-22 04:26:21,0.02,0.012,-5.0,270.0,781.0,0.495
2021-10-22 04:27:21,0.02,0.012,-5.0,270.0,781.0,0.495
2021-10-22 04:28:22,0.02,0.012,-6.0,270.0,780.0,0.495
2021-10-22 04:29:22,0.02,0.012,-6.0,270.0,781.0,0.495
2021-10-22 04:30:23,0.02,0.012,-6.0,269.0,782.0,0.496
2021-10-22 04:31:24,0.02,0.012,-6.0,269.0,782.0,0.496
2021-10-22 04:32:24,0.02,0.012,-6.0,269.0,782.0,0.49700000000000005
2021-10-22 04:33:25,0.02,0.012,-5.0,268.0,782.0,0.49700000000000005
2021-10-22 04:34:25,0.02,0.012,-6.0,268.0,781.0,0.496
2021-10-22 04:35:26,0.02,0.0121,-5.0,268.0,782.0,0.49700000000000005
2021-10-22 04:36:26,0.02,0.0121,-6.0,268.0,781.0,0.49700000000000005
2021-10-22 04:37:26,0.02,0.0121,-5.0,267.0,782.0,0.49700000000000005
2021-10-22 04:38:27,0.02,0.0121,-6.0,267.0,782.0,0.49700000000000005
2021-10-22 04:39:28,0.02,0.0121,-6.0,267.0,781.0,0.498
2021-10-22 04:40:28,0.02,0.0121,-5.0,267.0,783.0,0.49700000000000005
2021-10-22 04:41:29,0.02,0.0121,-6.0,266.0,782.0,0.49700000000000005
2021-10-22 04:42:29,0.02,0.0121,-6.0,266.0,782.0,0.498
2021-10-22 04:43:30,0.02,0.0121,-6.0,266.0,781.0,0.498
2021-10-22 04:44:30,0.02,0.0121,-5.0,265.0,782.0,0.498
2021-10-22 04:45:31,0.02,0.0121,-6.0,265.0,781.0,0.49700000000000005
2021-10-22 04:46:31,0.02,0.0121,-6.0,265.0,781.0,0.498
2021-10-22 04:47:32,0.02,0.0122,-6.0,265.0,782.0,0.498
2021-10-22 04:48:33,0.02,0.0122,-6.0,265.0,781.0,0.498
2021-10-22 04:49:33,0.02,0.0122,-6.0,264.0,782.0,0.498
2021-10-22 04:50:34,0.02,0.0122,-5.0,264.0,781.0,0.499
2021-10-22 04:51:34,0.02,0.0122,-6.0,264.0,782.0,0.499
2021-10-22 04:52:35,0.02,0.0122,-6.0,263.0,782.0,0.499
2021-10-22 04:53:35,0.02,0.0122,-6.0,263.0,782.0,0.499
2021-10-22 04:54:35,0.02,0.0122,-6.0,263.0,782.0,0.5
2021-10-22 04:55:36,0.02,0.0122,-6.0,263.0,781.0,0.499
2021-10-22 04:56:37,0.02,0.0122,-6.0,262.0,782.0,0.501
2021-10-22 04:57:37,0.02,0.0122,-6.0,262.0,781.0,0.499
2021-10-22 04:58:38,0.02,0.0122,-5.0,262.0,781.0,0.5
2021-10-22 04:59:38,0.02,0.0122,-6.0,262.0,781.0,0.5
2021-10-22 05:00:39,0.02,0.0122,-6.0,261.0,781.0,0.5
2021-10-22 05:01:39,0.02,0.0122,-6.0,261.0,780.0,0.5
2021-10-22 05:02:40,0.02,0.0122,-5.0,261.0,781.0,0.501
2021-10-22 05:03:40,0.02,0.0122,-5.0,261.0,780.0,0.501
2021-10-22 05:04:41,0.02,0.0122,-6.0,260.0,780.0,0.501
2021-10-22 05:05:42,0.02,0.0122,-6.0,260.0,780.0,0.501
2021-10-22 05:06:42,0.02,0.0122,-6.0,260.0,780.0,0.501
2021-10-22 05:07:43,0.02,0.0122,-6.0,260.0,781.0,0.501
2021-10-22 05:08:43,0.02,0.0123,-5.0,259.0,780.0,0.502
2021-10-22 05:09:43,0.02,0.0122,-6.0,259.0,780.0,0.502
2021-10-22 05:10:44,0.02,0.0123,-6.0,259.0,781.0,0.502
2021-10-22 05:11:44,0.02,0.0123,-6.0,259.0,781.0,0.501
2021-10-22 05:12:45,0.02,0.0123,-6.0,258.0,780.0,0.502
2021-10-22 05:13:45,0.02,0.0123,-6.0,258.0,780.0,0.501
2021-10-22 05:14:46,0.02,0.0123,-6.0,258.0,780.0,0.501
2021-10-22 05:15:46,0.02,0.0123,-6.0,258.0,780.0,0.503
2021-10-22 05:16:47,0.02,0.0123,-6.0,257.0,780.0,0.503
2021-10-22 05:17:47,0.02,0.0123,-6.0,257.0,780.0,0.502
2021-10-22 05:18:48,0.02,0.0124,-6.0,257.0,780.0,0.503
2021-10-22 05:19:49,0.02,0.0124,-6.0,257.0,782.0,0.503
2021-10-22 05:20:49,0.02,0.0124,-6.0,256.0,780.0,0.503
2021-10-22 05:21:50,0.02,0.0124,-6.0,256.0,780.0,0.503
2021-10-22 05:22:50,0.02,0.0124,-6.0,256.0,780.0,0.503
2021-10-22 05:23:51,0.02,0.0124,-6.0,256.0,780.0,0.503
2021-10-22 05:24:51,0.02,0.0124,-5.0,255.0,781.0,0.503
2021-10-22 05:25:52,0.02,0.0124,-6.0,255.0,781.0,0.503
2021-10-22 05:26:52,0.02,0.0124,-5.0,255.0,780.0,0.504
2021-10-22 05:27:53,0.02,0.0124,-6.0,254.0,781.0,0.503
2021-10-22 05:28:53,0.02,0.0124,-6.0,254.0,780.0,0.505
2021-10-22 05:29:54,0.02,0.0124,-5.0,254.0,780.0,0.505
2021-10-22 05:30:54,0.02,0.0124,-6.0,254.0,781.0,0.504
2021-10-22 05:31:55,0.02,0.0124,-6.0,253.0,780.0,0.505
2021-10-22 05:32:55,0.02,0.0125,-6.0,253.0,780.0,0.505
2021-10-22 05:33:56,0.02,0.0125,-6.0,253.0,780.0,0.504
2021-10-22 05:34:56,0.02,0.0124,-6.0,253.0,780.0,0.505
2021-10-22 05:35:57,0.02,0.0125,-6.0,252.0,780.0,0.505
2021-10-22 05:36:57,0.02,0.0125,-6.0,252.0,780.0,0.505
2021-10-22 05:37:58,0.02,0.0124,-5.0,252.0,779.0,0.505
2021-10-22 05:38:58,0.02,0.0125,-5.0,252.0,781.0,0.506
2021-10-22 05:39:59,0.02,0.0125,-6.0,252.0,780.0,0.506
2021-10-22 05:41:00,0.02,0.0125,-5.0,251.0,780.0,0.506
2021-10-22 05:42:00,0.02,0.0125,-6.0,251.0,779.0,0.506
2021-10-22 05:43:01,0.02,0.0125,-6.0,251.0,780.0,0.506
2021-10-22 05:44:01,0.02,0.0125,-6.0,251.0,780.0,0.506
2021-10-22 05:45:01,0.02,0.0125,-5.0,250.0,780.0,0.506
2021-10-22 05:46:02,0.02,0.0125,-6.0,250.0,780.0,0.506
2021-10-22 05:47:02,0.02,0.0125,-6.0,250.0,780.0,0.506
2021-10-22 05:48:03,0.02,0.0125,-6.0,250.0,780.0,0.506
2021-10-22 05:49:03,0.02,0.0125,-6.0,249.0,782.0,0.506
2021-10-22 05:50:04,0.02,0.0125,-6.0,249.0,780.0,0.506
2021-10-22 05:51:04,0.02,0.0125,-5.0,249.0,780.0,0.507
2021-10-22 05:52:05,0.02,0.0125,-6.0,249.0,780.0,0.507
2021-10-22 05:53:05,0.02,0.0125,-6.0,248.0,780.0,0.506
2021-10-22 05:54:06,0.02,0.0125,-5.0,248.0,780.0,0.507
2021-10-22 05:55:06,0.02,0.0125,-6.0,248.0,780.0,0.506
2021-10-22 05:56:07,0.02,0.0126,-6.0,248.0,780.0,0.506
2021-10-22 05:57:07,0.02,0.0126,-5.0,247.0,781.0,0.507
2021-10-22 05:58:08,0.02,0.0126,-6.0,247.0,780.0,0.506
2021-10-22 05:59:08,0.02,0.0126,-6.0,247.0,780.0,0.507
2021-10-22 06:00:09,0.02,0.0126,-6.0,247.0,780.0,0.507
2021-10-22 06:01:09,0.02,0.0126,-6.0,246.0,781.0,0.507
2021-10-22 06:02:10,0.02,0.0126,-5.0,246.0,779.0,0.508
2021-10-22 06:03:10,0.02,0.0126,-6.0,246.0,780.0,0.508
2021-10-22 06:04:11,0.02,0.0127,-5.0,246.0,780.0,0.508
2021-10-22 06:05:11,0.02,0.0127,-6.0,245.0,780.0,0.507
2021-10-22 06:06:12,0.02,0.0127,-6.0,245.0,780.0,0.508
2021-10-22 06:07:12,0.02,0.0127,-6.0,245.0,780.0,0.508
2021-10-22 06:08:13,0.02,0.0127,-6.0,245.0,780.0,0.508
2021-10-22 06:09:14,0.02,0.0127,-6.0,244.0,780.0,0.509
2021-10-22 06:10:14,0.02,0.0127,-6.0,244.0,780.0,0.509
2021-10-22 06:11:15,0.02,0.0127,-6.0,244.0,780.0,0.509
2021-10-22 06:12:15,0.02,0.0127,-6.0,243.0,780.0,0.509
2021-10-22 06:13:16,0.02,0.0127,-5.0,243.0,780.0,0.509
2021-10-22 06:14:16,0.02,0.0127,-6.0,243.0,780.0,0.51
2021-10-22 06:15:17,0.02,0.0127,-6.0,243.0,781.0,0.51
2021-10-22 06:16:17,0.02,0.0127,-6.0,243.0,780.0,0.51
2021-10-22 06:17:18,0.02,0.0127,-6.0,242.0,780.0,0.509
2021-10-22 06:18:18,0.02,0.0127,-6.0,242.0,780.0,0.51
2021-10-22 06:19:19,0.02,0.0127,-6.0,242.0,780.0,0.509
2021-10-22 06:20:19,0.02,0.0127,-6.0,242.0,780.0,0.51
2021-10-22 06:21:20,0.02,0.0127,-6.0,241.0,779.0,0.51
2021-10-22 06:22:20,0.02,0.0127,-5.0,241.0,781.0,0.51
2021-10-22 06:23:21,0.02,0.0127,-6.0,241.0,780.0,0.51
2021-10-22 06:24:21,0.02,0.0127,-6.0,241.0,781.0,0.51
2021-10-22 06:25:22,0.02,0.0127,-6.0,240.0,780.0,0.511
2021-10-22 06:26:22,0.02,0.0127,-6.0,240.0,781.0,0.511
2021-10-22 06:27:23,0.02,0.0128,-6.0,240.0,780.0,0.511
2021-10-22 06:28:23,0.02,0.0127,-6.0,240.0,780.0,0.511
2021-10-22 06:29:24,0.02,0.0128,-6.0,239.0,782.0,0.511
2021-10-22 06:30:24,0.02,0.0128,-6.0,239.0,781.0,0.51
2021-10-22 06:31:25,0.02,0.0128,-6.0,239.0,780.0,0.512
2021-10-22 06:32:25,0.02,0.0128,-6.0,239.0,780.0,0.511
2021-10-22 06:33:26,0.02,0.0128,-6.0,238.0,780.0,0.511
2021-10-22 06:34:26,0.02,0.0128,-6.0,238.0,781.0,0.511
2021-10-22 06:35:27,0.02,0.0128,-6.0,238.0,780.0,0.512
2021-10-22 06:36:27,0.02,0.0128,-6.0,238.0,780.0,0.512
2021-10-22 06:37:28,0.02,0.0128,-5.0,238.0,781.0,0.512
2021-10-22 06:38:28,0.02,0.0129,-5.0,237.0,780.0,0.511
2021-10-22 06:39:29,0.02,0.0129,-6.0,237.0,780.0,0.512
2021-10-22 06:40:29,0.02,0.0129,-5.0,237.0,780.0,0.512
2021-10-22 06:41:30,0.02,0.0129,-5.0,236.0,780.0,0.512
2021-10-22 06:42:30,0.02,0.0129,-6.0,236.0,779.0,0.513
2021-10-22 06:43:31,0.02,0.0129,-6.0,236.0,780.0,0.513
2021-10-22 06:44:31,0.02,0.0129,-6.0,236.0,780.0,0.513
2021-10-22 06:45:32,0.02,0.0129,-6.0,236.0,781.0,0.512
2021-10-22 06:46:32,0.02,0.0129,-6.0,235.0,780.0,0.513
2021-10-22 06:47:33,0.02,0.0129,-6.0,235.0,780.0,0.512
2021-10-22 06:48:33,0.02,0.0129,-5.0,235.0,780.0,0.512
2021-10-22 06:49:34,0.02,0.0129,-6.0,235.0,780.0,0.514
2021-10-22 06:50:34,0.02,0.0129,-6.0,234.0,780.0,0.514
2021-10-22 06:51:35,0.02,0.013,-6.0,234.0,780.0,0.513
2021-10-22 06:52:35,0.02,0.013,-6.0,234.0,781.0,0.514
2021-10-22 06:53:36,0.02,0.013,-6.0,234.0,780.0,0.514
2021-10-22 06:54:36,0.02,0.013,-6.0,233.0,780.0,0.514
2021-10-22 06:55:37,0.02,0.013,-6.0,233.0,780.0,0.514
2021-10-22 06:56:37,0.02,0.013,-6.0,233.0,781.0,0.515
2021-10-22 06:57:38,0.02,0.013,-5.0,233.0,780.0,0.514
2021-10-22 06:58:38,0.02,0.013,-6.0,233.0,781.0,0.515
2021-10-22 06:59:39,0.02,0.013,-6.0,232.0,780.0,0.514
2021-10-22 07:00:39,0.02,0.013,-6.0,232.0,780.0,0.515
2021-10-22 07:01:40,0.02,0.013,-6.0,232.0,780.0,0.515
2021-10-22 07:02:41,0.02,0.013,-6.0,232.0,781.0,0.515
2021-10-22 07:03:41,0.02,0.013,-5.0,231.0,780.0,0.516
2021-10-22 07:04:42,0.02,0.013,-6.0,231.0,780.0,0.516
2021-10-22 07:05:42,0.02,0.013,-6.0,231.0,780.0,0.516
2021-10-22 07:06:43,0.02,0.013,-6.0,231.0,781.0,0.516
2021-10-22 07:07:43,0.02,0.013,-6.0,230.0,780.0,0.516
2021-10-22 07:08:44,0.02,0.013,-5.0,230.0,781.0,0.516
2021-10-22 07:09:44,0.02,0.0131,-6.0,230.0,781.0,0.516
2021-10-22 07:10:45,0.02,0.013,-6.0,230.0,780.0,0.516
2021-10-22 07:11:45,0.02,0.013,-5.0,229.0,779.0,0.517
2021-10-22 07:12:46,0.02,0.0131,-5.0,229.0,780.0,0.516
2021-10-22 07:13:46,0.02,0.0131,-6.0,229.0,780.0,0.517
2021-10-22 07:14:47,0.02,0.0131,-6.0,229.0,780.0,0.516
2021-10-22 07:15:47,0.02,0.0131,-6.0,229.0,780.0,0.516
2021-10-22 07:16:48,0.02,0.0131,-6.0,228.0,780.0,0.517
2021-10-22 07:17:48,0.02,0.0131,-6.0,228.0,780.0,0.518
2021-10-22 07:18:49,0.02,0.0131,-6.0,228.0,780.0,0.517
2021-10-22 07:19:50,0.02,0.0131,-6.0,228.0,781.0,0.518
2021-10-22 07:20:50,0.02,0.0131,-5.0,228.0,781.0,0.518
2021-10-22 07:21:50,0.02,0.0131,-6.0,227.0,780.0,0.518
2021-10-22 07:22:51,0.02,0.0131,-6.0,227.0,781.0,0.518
2021-10-22 07:23:51,0.02,0.0131,-6.0,227.0,780.0,0.518
2021-10-22 07:24:52,0.02,0.0131,-6.0,227.0,780.0,0.518
2021-10-22 07:25:52,0.02,0.0132,-6.0,226.0,780.0,0.518
2021-10-22 07:26:53,0.02,0.0131,-6.0,226.0,779.0,0.519
2021-10-22 07:27:54,0.02,0.0132,-6.0,226.0,780.0,0.518
2021-10-22 07:28:54,0.02,0.0132,-5.0,226.0,780.0,0.519
2021-10-22 07:29:55,0.02,0.0132,-6.0,225.0,780.0,0.519
2021-10-22 07:30:55,0.02,0.0132,-6.0,225.0,780.0,0.519
2021-10-22 07:31:56,0.02,0.0132,-6.0,225.0,780.0,0.519
2021-10-22 07:32:56,0.02,0.0132,-6.0,225.0,780.0,0.52
2021-10-22 07:33:57,0.02,0.0132,-6.0,225.0,780.0,0.52
2021-10-22 07:34:57,0.02,0.0132,-5.0,224.0,780.0,0.52
2021-10-22 07:35:58,0.02,0.0132,-6.0,224.0,780.0,0.519
2021-10-22 07:36:58,0.02,0.0132,-6.0,224.0,780.0,0.52
2021-10-22 07:37:59,0.02,0.0132,-5.0,224.0,780.0,0.52
2021-10-22 07:38:59,0.02,0.0132,-6.0,224.0,780.0,0.52
2021-10-22 07:40:00,0.02,0.0133,-6.0,223.0,780.0,0.521
2021-10-22 07:41:00,0.02,0.0133,-6.0,223.0,780.0,0.521
2021-10-22 07:42:01,0.02,0.0133,-5.0,223.0,780.0,0.521
2021-10-22 07:43:01,0.02,0.0133,-6.0,223.0,780.0,0.522
2021-10-22 07:44:02,0.02,0.0133,-6.0,222.0,780.0,0.521
2021-10-22 07:45:02,0.02,0.0133,-6.0,222.0,780.0,0.522
2021-10-22 07:46:03,0.02,0.0133,-6.0,222.0,780.0,0.521
2021-10-22 07:47:03,0.02,0.0133,-6.0,222.0,780.0,0.521
2021-10-22 07:48:04,0.02,0.0133,-6.0,222.0,780.0,0.522
2021-10-22 07:49:04,0.02,0.0133,-6.0,221.0,780.0,0.522
2021-10-22 07:50:05,0.02,0.0134,-6.0,221.0,780.0,0.522
2021-10-22 07:51:05,0.02,0.0134,-6.0,221.0,780.0,0.522
2021-10-22 07:52:06,0.02,0.0134,-6.0,221.0,780.0,0.522
2021-10-22 07:53:07,0.02,0.0134,-6.0,221.0,779.0,0.523
2021-10-22 07:54:07,0.02,0.0134,-5.0,220.0,780.0,0.523
2021-10-22 07:55:07,0.02,0.0134,-6.0,220.0,780.0,0.523
2021-10-22 07:56:08,0.02,0.0134,-6.0,220.0,780.0,0.523
2021-10-22 07:57:09,0.02,0.0134,-6.0,220.0,780.0,0.523
2021-10-22 07:58:09,0.02,0.0134,-6.0,220.0,780.0,0.522
2021-10-22 07:59:09,0.02,0.0134,-6.0,219.0,780.0,0.523
2021-10-22 08:00:10,0.02,0.0134,-6.0,219.0,780.0,0.523
2021-10-22 08:01:11,0.02,0.0134,-6.0,219.0,780.0,0.524
2021-10-22 08:02:11,0.02,0.0134,-6.0,219.0,780.0,0.523
2021-10-22 08:03:12,0.02,0.0134,-6.0,218.0,780.0,0.524
2021-10-22 08:04:13,0.02,0.0134,-6.0,218.0,780.0,0.524
2021-10-22 08:05:13,0.02,0.0134,-6.0,218.0,781.0,0.524
2021-10-22 08:06:14,0.02,0.0134,-6.0,218.0,780.0,0.524
2021-10-22 08:07:14,0.02,0.0134,-6.0,218.0,780.0,0.525
2021-10-22 08:08:15,0.02,0.0134,-6.0,217.0,780.0,0.524
2021-10-22 08:09:15,0.02,0.0134,-6.0,217.0,780.0,0.524
2021-10-22 08:10:16,0.02,0.0134,-6.0,217.0,780.0,0.525
2021-10-22 08:11:16,0.02,0.0134,-6.0,217.0,780.0,0.525
2021-10-22 08:12:17,0.02,0.0134,-5.0,217.0,780.0,0.525
2021-10-22 08:13:17,0.02,0.0134,-6.0,216.0,780.0,0.525
2021-10-22 08:14:18,0.02,0.0135,-6.0,216.0,780.0,0.526
2021-10-22 08:15:18,0.02,0.0135,-6.0,216.0,780.0,0.526
2021-10-22 08:16:19,0.02,0.0135,-6.0,216.0,780.0,0.526
2021-10-22 08:17:20,0.02,0.0135,-6.0,215.0,780.0,0.525
2021-10-22 08:18:20,0.02,0.0135,-6.0,215.0,780.0,0.526
2021-10-22 08:19:21,0.02,0.0135,-6.0,215.0,780.0,0.527
2021-10-22 08:20:21,0.02,0.0135,-6.0,215.0,780.0,0.526
2021-10-22 08:21:21,0.02,0.0135,-6.0,215.0,780.0,0.528
2021-10-22 08:22:22,0.02,0.0135,-6.0,214.0,780.0,0.528
2021-10-22 08:23:23,0.02,0.0136,-6.0,214.0,780.0,0.527
2021-10-22 08:24:23,0.02,0.0136,-5.0,214.0,780.0,0.527
2021-10-22 08:25:24,0.02,0.0136,-6.0,214.0,780.0,0.527
2021-10-22 08:26:24,0.02,0.0136,-6.0,214.0,780.0,0.527
2021-10-22 08:27:25,0.02,0.0136,-6.0,214.0,780.0,0.528
2021-10-22 08:28:25,0.02,0.0136,-6.0,213.0,781.0,0.528
2021-10-22 08:29:25,0.02,0.0136,-6.0,213.0,780.0,0.528
2021-10-22 08:30:26,0.02,0.0136,-6.0,213.0,780.0,0.529
2021-10-22 08:31:26,0.02,0.0136,-5.0,213.0,780.0,0.529
2021-10-22 08:32:27,0.02,0.0136,-6.0,212.0,780.0,0.528
2021-10-22 08:33:27,0.02,0.0136,-6.0,212.0,780.0,0.529
2021-10-22 08:34:28,0.02,0.0137,-6.0,212.0,780.0,0.529
2021-10-22 08:35:29,0.02,0.0137,-6.0,212.0,780.0,0.528
2021-10-22 08:36:29,0.02,0.0136,-6.0,212.0,781.0,0.528
2021-10-22 08:37:30,0.02,0.0137,-6.0,212.0,780.0,0.529
2021-10-22 08:38:30,0.02,0.0137,-6.0,211.0,780.0,0.529
2021-10-22 08:39:31,0.02,0.0137,-6.0,211.0,780.0,0.53
2021-10-22 08:40:31,0.02,0.0137,-6.0,211.0,780.0,0.53
2021-10-22 08:41:32,0.02,0.0137,-6.0,211.0,780.0,0.53
2021-10-22 08:42:32,0.02,0.0137,-6.0,211.0,780.0,0.53
2021-10-22 08:43:33,0.02,0.0137,-6.0,210.0,782.0,0.53
2021-10-22 08:44:34,0.02,0.0137,-5.0,210.0,780.0,0.53
2021-10-22 08:45:34,0.02,0.0137,-6.0,210.0,780.0,0.53
2021-10-22 08:46:35,0.02,0.0137,-5.0,210.0,780.0,0.53
2021-10-22 08:47:35,0.02,0.0137,-6.0,210.0,781.0,0.531
2021-10-22 08:48:36,0.02,0.0137,-6.0,210.0,780.0,0.531
2021-10-22 08:49:36,0.02,0.0137,-6.0,209.0,780.0,0.531
2021-10-22 08:50:37,0.02,0.0137,-5.0,209.0,780.0,0.531
2021-10-22 08:51:37,0.02,0.0137,-5.0,209.0,781.0,0.531
2021-10-22 08:52:38,0.02,0.0137,-5.0,209.0,780.0,0.531
2021-10-22 08:53:38,0.02,0.0137,-5.0,209.0,780.0,0.532
2021-10-22 08:54:39,0.02,0.0137,-5.0,208.0,780.0,0.532
2021-10-22 08:55:39,0.02,0.0138,-5.0,208.0,779.0,0.532
2021-10-22 08:56:40,0.02,0.0138,-5.0,208.0,780.0,0.532
2021-10-22 08:57:40,0.02,0.0138,-5.0,208.0,780.0,0.5329999999999999
2021-10-22 08:58:41,0.02,0.0138,-6.0,208.0,780.0,0.532
2021-10-22 08:59:41,0.02,0.0138,-6.0,207.0,780.0,0.5329999999999999
2021-10-22 09:00:42,0.02,0.0138,-5.0,207.0,780.0,0.5329999999999999
2021-10-22 09:01:42,0.02,0.0138,-6.0,207.0,780.0,0.5329999999999999
2021-10-22 09:02:43,0.02,0.0139,-5.0,207.0,780.0,0.5329999999999999
2021-10-22 09:03:43,0.02,0.0139,-6.0,207.0,780.0,0.5329999999999999
2021-10-22 09:04:44,0.02,0.0139,-5.0,206.0,780.0,0.5329999999999999
2021-10-22 09:05:44,0.02,0.0139,-6.0,206.0,780.0,0.534
2021-10-22 09:06:45,0.02,0.0139,-6.0,206.0,780.0,0.534
2021-10-22 09:07:45,0.02,0.0139,-5.0,206.0,780.0,0.534
2021-10-22 09:08:46,0.02,0.0139,-5.0,206.0,780.0,0.535
2021-10-22 09:09:46,0.02,0.0139,-6.0,206.0,780.0,0.534
2021-10-22 09:10:47,0.02,0.0139,-6.0,205.0,780.0,0.534
2021-10-22 09:11:48,0.02,0.0139,-5.0,205.0,781.0,0.534
2021-10-22 09:12:48,0.02,0.0139,-5.0,205.0,780.0,0.534
2021-10-22 09:13:49,0.02,0.0139,-6.0,205.0,780.0,0.534
2021-10-22 09:14:49,0.02,0.0139,-6.0,205.0,780.0,0.534
2021-10-22 09:15:50,0.02,0.0139,-6.0,204.0,780.0,0.536
2021-10-22 09:16:50,0.02,0.0139,-5.0,204.0,782.0,0.536
2021-10-22 09:17:51,0.02,0.0139,-5.0,204.0,780.0,0.536
2021-10-22 09:18:51,0.02,0.0139,-5.0,204.0,780.0,0.536
2021-10-22 09:19:52,0.02,0.0139,-5.0,204.0,780.0,0.536
2021-10-22 09:20:52,0.02,0.0139,-5.0,204.0,780.0,0.536
2021-10-22 09:21:53,0.02,0.0139,-5.0,204.0,780.0,0.536
2021-10-22 09:22:53,0.02,0.014,-5.0,203.0,780.0,0.537
2021-10-22 09:23:54,0.02,0.0139,-6.0,203.0,781.0,0.536
2021-10-22 09:24:54,0.02,0.0139,-5.0,203.0,780.0,0.536
2021-10-22 09:25:55,0.02,0.014,-5.0,203.0,780.0,0.537
2021-10-22 09:26:55,0.02,0.014,-6.0,203.0,781.0,0.5379999999999999
2021-10-22 09:27:56,0.02,0.014,-6.0,203.0,780.0,0.5379999999999999
2021-10-22 09:28:57,0.02,0.014,-5.0,202.0,780.0,0.537
2021-10-22 09:29:57,0.02,0.014,-5.0,202.0,780.0,0.537
2021-10-22 09:30:58,0.02,0.014,-6.0,202.0,780.0,0.537
2021-10-22 09:31:58,0.02,0.014,-5.0,202.0,780.0,0.5379999999999999
2021-10-22 09:32:59,0.02,0.014,-5.0,202.0,781.0,0.5379999999999999
2021-10-22 09:33:59,0.02,0.014,-5.0,202.0,780.0,0.5379999999999999
2021-10-22 09:35:00,0.02,0.0141,-5.0,201.0,780.0,0.5379999999999999
2021-10-22 09:36:00,0.02,0.0141,-5.0,201.0,780.0,0.539
2021-10-22 09:37:01,0.02,0.0141,-5.0,201.0,780.0,0.5379999999999999
2021-10-22 09:38:02,0.02,0.0141,-5.0,201.0,780.0,0.5379999999999999
2021-10-22 09:39:02,0.02,0.0141,-5.0,201.0,781.0,0.539
2021-10-22 09:40:02,0.02,0.0141,-5.0,201.0,780.0,0.539
2021-10-22 09:41:03,0.02,0.0141,-5.0,200.0,780.0,0.539
2021-10-22 09:42:04,0.02,0.0142,-5.0,200.0,779.0,0.54
2021-10-22 09:43:04,0.02,0.0142,-5.0,200.0,780.0,0.54
2021-10-22 09:44:05,0.02,0.0142,-5.0,200.0,782.0,0.54
2021-10-22 09:45:05,0.02,0.0142,-5.0,200.0,781.0,0.54
2021-10-22 09:46:06,0.02,0.0142,-6.0,200.0,780.0,0.539
2021-10-22 09:47:06,0.02,0.0142,-5.0,199.0,781.0,0.54
2021-10-22 09:48:07,0.02,0.0142,-5.0,199.0,780.0,0.541
2021-10-22 09:49:07,0.02,0.0142,-5.0,199.0,780.0,0.541
2021-10-22 09:50:08,0.02,0.0142,-5.0,199.0,782.0,0.542
2021-10-22 09:51:08,0.02,0.0142,-5.0,199.0,782.0,0.542
2021-10-22 09:52:09,0.02,0.0142,-5.0,199.0,782.0,0.541
2021-10-22 09:53:09,0.02,0.0142,-5.0,198.0,780.0,0.542
2021-10-22 09:54:10,0.02,0.0142,-6.0,198.0,782.0,0.542
2021-10-22 09:55:11,0.02,0.0142,-5.0,198.0,782.0,0.542
2021-10-22 09:56:11,0.02,0.0142,-5.0,198.0,782.0,0.542
2021-10-22 09:57:11,0.02,0.0142,-5.0,198.0,782.0,0.542
2021-10-22 09:58:12,0.02,0.0142,-5.0,198.0,781.0,0.542
2021-10-22 09:59:12,0.02,0.0142,-5.0,197.0,780.0,0.5429999999999999
2021-10-22 10:00:13,0.02,0.0142,-6.0,197.0,782.0,0.5429999999999999
2021-10-22 10:01:13,0.02,0.0143,-5.0,197.0,781.0,0.5429999999999999
2021-10-22 10:02:14,0.02,0.0143,-5.0,197.0,781.0,0.5429999999999999
2021-10-22 10:03:14,0.02,0.0143,-5.0,197.0,782.0,0.5429999999999999
2021-10-22 10:04:15,0.02,0.0143,-5.0,196.0,781.0,0.5429999999999999
2021-10-22 10:05:15,0.02,0.0143,-5.0,196.0,782.0,0.5429999999999999
2021-10-22 10:06:16,0.02,0.0143,-6.0,196.0,782.0,0.545
2021-10-22 10:07:16,0.02,0.0143,-5.0,196.0,781.0,0.544
2021-10-22 10:08:17,0.02,0.0143,-5.0,196.0,782.0,0.544
2021-10-22 10:09:17,0.02,0.0144,-5.0,196.0,781.0,0.545
2021-10-22 10:10:18,0.02,0.0144,-5.0,196.0,781.0,0.545
2021-10-22 10:11:19,0.02,0.0144,-5.0,195.0,782.0,0.544
2021-10-22 10:12:19,0.02,0.0144,-5.0,195.0,782.0,0.545
2021-10-22 10:13:20,0.02,0.0144,-5.0,195.0,782.0,0.545
2021-10-22 10:14:20,0.02,0.0144,-5.0,195.0,782.0,0.546
2021-10-22 10:15:21,0.02,0.0144,-5.0,195.0,782.0,0.546
2021-10-22 10:16:21,0.02,0.0144,-5.0,195.0,781.0,0.546
2021-10-22 10:17:22,0.02,0.0145,-5.0,194.0,782.0,0.546
2021-10-22 10:18:22,0.02,0.0144,-5.0,194.0,781.0,0.546
2021-10-22 10:19:23,0.02,0.0144,-5.0,194.0,782.0,0.546
2021-10-22 10:20:23,0.02,0.0145,-5.0,194.0,782.0,0.546
2021-10-22 10:21:24,0.02,0.0145,-5.0,194.0,782.0,0.547
2021-10-22 10:22:25,0.02,0.0145,-5.0,194.0,782.0,0.547
2021-10-22 10:23:25,0.02,0.0145,-6.0,194.0,782.0,0.546
2021-10-22 10:24:26,0.02,0.0145,-5.0,193.0,781.0,0.547
2021-10-22 10:25:26,0.02,0.0145,-5.0,193.0,782.0,0.547
2021-10-22 10:26:27,0.02,0.0145,-5.0,193.0,782.0,0.547
2021-10-22 10:27:27,0.02,0.0145,-6.0,193.0,782.0,0.547
2021-10-22 10:28:28,0.02,0.0145,-5.0,193.0,782.0,0.547
2021-10-22 10:29:28,0.02,0.0145,-5.0,193.0,782.0,0.5479999999999999
2021-10-22 10:30:29,0.02,0.0145,-5.0,193.0,782.0,0.5479999999999999
2021-10-22 10:31:29,0.02,0.0145,-5.0,192.0,782.0,0.5489999999999999
2021-10-22 10:32:30,0.02,0.0145,-5.0,192.0,782.0,0.5489999999999999
2021-10-22 10:33:31,0.02,0.0145,-5.0,192.0,782.0,0.5489999999999999
2021-10-22 10:34:31,0.02,0.0146,-5.0,192.0,782.0,0.5489999999999999
2021-10-22 10:35:32,0.02,0.0146,-5.0,192.0,781.0,0.5489999999999999
2021-10-22 10:36:32,0.02,0.0146,-5.0,192.0,782.0,0.5489999999999999
2021-10-22 10:37:33,0.02,0.0146,-5.0,191.0,782.0,0.5489999999999999
2021-10-22 10:38:33,0.02,0.0146,-5.0,191.0,782.0,0.5489999999999999
2021-10-22 10:39:34,0.02,0.0146,-5.0,191.0,781.0,0.551
2021-10-22 10:40:34,0.02,0.0146,-5.0,191.0,782.0,0.55
2021-10-22 10:41:35,0.02,0.0146,-5.0,191.0,782.0,0.5489999999999999
2021-10-22 10:42:35,0.02,0.0146,-5.0,191.0,782.0,0.5489999999999999
2021-10-22 10:43:36,0.02,0.0146,-5.0,191.0,782.0,0.55
2021-10-22 10:44:36,0.02,0.0147,-5.0,191.0,782.0,0.55
2021-10-22 10:45:37,0.02,0.0146,-5.0,191.0,782.0,0.55
2021-10-22 10:46:37,0.02,0.0147,-6.0,190.0,782.0,0.55
2021-10-22 10:47:38,0.02,0.0147,-5.0,190.0,782.0,0.551
2021-10-22 10:48:38,0.02,0.0147,-5.0,190.0,781.0,0.55
2021-10-22 10:49:39,0.02,0.0147,-5.0,190.0,782.0,0.55
2021-10-22 10:50:40,0.02,0.0147,-5.0,190.0,781.0,0.551
2021-10-22 10:51:40,0.02,0.0147,-5.0,190.0,782.0,0.551
2021-10-22 10:52:41,0.02,0.0147,-5.0,190.0,782.0,0.55
2021-10-22 10:53:41,0.02,0.0147,-5.0,189.0,782.0,0.551
2021-10-22 10:54:42,0.02,0.0147,-5.0,189.0,782.0,0.5489999999999999
2021-10-22 10:55:42,0.02,0.0147,-5.0,189.0,781.0,0.55
2021-10-22 10:56:43,0.02,0.0147,-5.0,189.0,782.0,0.551
2021-10-22 10:57:44,0.02,0.0147,-5.0,189.0,781.0,0.551
2021-10-22 10:58:44,0.02,0.0147,-6.0,189.0,781.0,0.551
2021-10-22 10:59:44,0.02,0.0147,-5.0,188.0,782.0,0.551
2021-10-22 11:00:45,0.02,0.0147,-5.0,188.0,784.0,0.552
2021-10-22 11:01:45,0.02,0.0148,-5.0,188.0,782.0,0.552
2021-10-22 11:02:46,0.02,0.0148,-5.0,188.0,781.0,0.552
2021-10-22 11:03:47,0.02,0.0148,-5.0,188.0,780.0,0.552
2021-10-22 11:04:47,0.02,0.0148,-5.0,188.0,782.0,0.552
2021-10-22 11:05:48,0.02,0.0148,-5.0,188.0,781.0,0.552
2021-10-22 11:06:48,0.02,0.0148,-5.0,188.0,782.0,0.5529999999999999
2021-10-22 11:07:49,0.02,0.0148,-5.0,187.0,781.0,0.5529999999999999
2021-10-22 11:08:49,0.02,0.0148,-5.0,187.0,781.0,0.5529999999999999
2021-10-22 11:09:50,0.02,0.0148,-5.0,187.0,780.0,0.555
2021-10-22 11:10:51,0.02,0.0148,-5.0,187.0,782.0,0.5539999999999999
2021-10-22 11:11:51,0.02,0.0148,-5.0,187.0,782.0,0.5529999999999999
2021-10-22 11:12:52,0.02,0.0148,-5.0,187.0,781.0,0.5539999999999999
2021-10-22 11:13:52,0.02,0.0149,-5.0,187.0,781.0,0.5529999999999999
2021-10-22 11:14:52,0.02,0.0149,-5.0,187.0,781.0,0.5539999999999999
2021-10-22 11:15:53,0.02,0.0149,-6.0,186.0,781.0,0.555
2021-10-22 11:16:53,0.02,0.0149,-5.0,186.0,782.0,0.555
2021-10-22 11:17:54,0.02,0.0149,-5.0,186.0,782.0,0.555
2021-10-22 11:18:55,0.02,0.0149,-5.0,186.0,783.0,0.555
2021-10-22 11:19:55,0.02,0.0149,-5.0,186.0,784.0,0.555
2021-10-22 11:20:56,0.02,0.0149,-5.0,186.0,783.0,0.555
2021-10-22 11:21:56,0.02,0.0149,-5.0,186.0,783.0,0.555
2021-10-22 11:22:57,0.02,0.0149,-5.0,185.0,782.0,0.555
2021-10-22 11:23:57,0.02,0.0149,-5.0,185.0,783.0,0.555
2021-10-22 11:24:58,0.02,0.0149,-5.0,185.0,782.0,0.556
2021-10-22 11:25:58,0.02,0.015,-5.0,185.0,784.0,0.556
2021-10-22 11:26:59,0.02,0.015,-5.0,185.0,783.0,0.556
2021-10-22 11:27:59,0.02,0.015,-5.0,185.0,783.0,0.556
2021-10-22 11:29:00,0.02,0.015,-5.0,185.0,783.0,0.555
2021-10-22 11:30:00,0.02,0.015,-5.0,184.0,783.0,0.557
2021-10-22 11:31:01,0.02,0.015,-5.0,184.0,782.0,0.557
2021-10-22 11:32:01,0.02,0.015,-5.0,184.0,783.0,0.557
2021-10-22 11:33:02,0.02,0.015,-5.0,184.0,783.0,0.5579999999999999
2021-10-22 11:34:02,0.02,0.015,-5.0,184.0,783.0,0.557
2021-10-22 11:35:03,0.02,0.015,-5.0,184.0,784.0,0.557
2021-10-22 11:36:03,0.02,0.015,-5.0,184.0,783.0,0.557
2021-10-22 11:37:04,0.02,0.0151,-5.0,183.0,783.0,0.557
2021-10-22 11:38:05,0.02,0.0151,-5.0,183.0,783.0,0.557
2021-10-22 11:39:05,0.02,0.0151,-5.0,183.0,784.0,0.5589999999999999
2021-10-22 11:40:06,0.02,0.0151,-5.0,183.0,783.0,0.5579999999999999
2021-10-22 11:41:07,0.02,0.0151,-5.0,183.0,782.0,0.5589999999999999
2021-10-22 11:42:07,0.02,0.0151,-5.0,183.0,782.0,0.5589999999999999
2021-10-22 11:43:08,0.02,0.0151,-5.0,183.0,783.0,0.5589999999999999
2021-10-22 11:44:08,0.02,0.0151,-5.0,183.0,783.0,0.5589999999999999
2021-10-22 11:45:09,0.02,0.0151,-5.0,183.0,783.0,0.5589999999999999
2021-10-22 11:46:09,0.02,0.0151,-5.0,182.0,782.0,0.5579999999999999
2021-10-22 11:47:10,0.02,0.0151,-6.0,182.0,783.0,0.5589999999999999
2021-10-22 11:48:10,0.02,0.0151,-5.0,182.0,783.0,0.5589999999999999
2021-10-22 11:49:11,0.02,0.0151,-5.0,182.0,782.0,0.56
2021-10-22 11:50:11,0.02,0.0151,-5.0,182.0,782.0,0.561
2021-10-22 11:51:12,0.02,0.0151,-5.0,182.0,782.0,0.561
2021-10-22 11:52:12,0.02,0.0152,-5.0,182.0,783.0,0.561
2021-10-22 11:53:13,0.02,0.0152,-5.0,182.0,783.0,0.561
2021-10-22 11:54:13,0.02,0.0152,-5.0,181.0,784.0,0.561
2021-10-22 11:55:14,0.02,0.0152,-5.0,181.0,783.0,0.561
2021-10-22 11:56:15,0.02,0.0151,-5.0,181.0,783.0,0.561
2021-10-22 11:57:15,0.02,0.0152,-5.0,181.0,783.0,0.561
2021-10-22 11:58:16,0.02,0.0152,-5.0,181.0,782.0,0.561
2021-10-22 11:59:16,0.02,0.0152,-5.0,181.0,783.0,0.561
2021-10-22 12:00:17,0.02,0.0152,-5.0,181.0,784.0,0.561
2021-10-22 12:01:17,0.02,0.0152,-5.0,181.0,783.0,0.562
2021-10-22 12:02:18,0.02,0.0152,-5.0,181.0,783.0,0.562
2021-10-22 12:03:18,0.02,0.0152,-5.0,181.0,783.0,0.561
2021-10-22 12:04:19,0.02,0.0152,-5.0,180.0,783.0,0.562
2021-10-22 12:05:19,0.02,0.0153,-5.0,180.0,783.0,0.563
2021-10-22 12:06:20,0.02,0.0152,-5.0,180.0,782.0,0.562
2021-10-22 12:07:21,0.02,0.0153,-5.0,180.0,783.0,0.563
2021-10-22 12:08:21,0.02,0.0153,-5.0,180.0,783.0,0.563
2021-10-22 12:09:22,0.02,0.0153,-5.0,180.0,783.0,0.562
2021-10-22 12:10:22,0.02,0.0153,-5.0,180.0,783.0,0.565
2021-10-22 12:11:23,0.02,0.0153,-5.0,180.0,782.0,0.564
2021-10-22 12:12:23,0.02,0.0153,-5.0,179.0,783.0,0.565
2021-10-22 12:13:24,0.02,0.0153,-5.0,179.0,783.0,0.564
2021-10-22 12:14:24,0.02,0.0153,-5.0,179.0,783.0,0.564
2021-10-22 12:15:25,0.02,0.0154,-5.0,179.0,782.0,0.565
2021-10-22 12:16:25,0.02,0.0154,-5.0,179.0,784.0,0.565
2021-10-22 12:17:26,0.02,0.0154,-5.0,179.0,783.0,0.565
2021-10-22 12:18:26,0.02,0.0154,-5.0,179.0,783.0,456.0
2021-10-22 12:19:27,0.02,0.0154,-5.0,179.0,783.0,881.0
2021-10-22 12:20:27,0.02,0.0154,-5.0,179.0,783.0,1070.0
2021-10-22 12:21:28,0.02,0.0154,-5.0,178.0,783.0,1080.0
2021-10-22 12:22:28,0.02,0.0154,-5.0,178.0,782.0,1080.0
2021-10-22 12:23:29,0.02,0.0154,-5.0,178.0,783.0,1080.0
2021-10-22 12:24:29,0.02,0.0154,-5.0,178.0,783.0,1080.0
2021-10-22 12:25:30,0.02,0.0154,-5.0,178.0,783.0,1080.0
2021-10-22 12:26:30,0.02,0.0154,-5.0,178.0,783.0,1080.0
2021-10-22 12:27:31,0.02,0.0154,-5.0,178.0,783.0,1080.0
2021-10-22 12:28:32,0.02,0.0154,-5.0,178.0,784.0,1080.0
2021-10-22 12:29:32,0.02,0.0154,-5.0,178.0,783.0,1080.0
2021-10-22 12:30:33,0.02,0.0154,-5.0,177.0,783.0,1080.0
2021-10-22 12:31:33,0.02,0.0154,-5.0,177.0,784.0,1080.0
2021-10-22 12:32:34,0.02,0.0154,-5.0,177.0,784.0,1080.0
2021-10-22 12:33:34,0.02,0.0154,-5.0,177.0,785.0,1080.0
2021-10-22 12:34:35,0.02,0.0154,-5.0,177.0,785.0,1080.0
2021-10-22 12:35:35,0.02,0.0155,-5.0,177.0,785.0,1080.0
2021-10-22 12:36:36,0.02,0.0154,-5.0,177.0,785.0,1080.0
2021-10-22 12:37:37,0.02,0.0155,-5.0,177.0,784.0,1080.0
2021-10-22 12:38:37,0.02,0.0155,-5.0,177.0,785.0,1080.0
2021-10-22 12:39:37,0.02,0.0155,-5.0,176.0,784.0,1080.0
2021-10-22 12:40:38,0.02,0.0155,-5.0,176.0,783.0,1080.0
2021-10-22 12:41:38,0.02,0.0155,-5.0,176.0,782.0,1080.0
2021-10-22 12:42:39,0.02,0.0155,-5.0,176.0,782.0,1080.0
2021-10-22 12:43:40,0.02,0.0156,-5.0,176.0,783.0,1080.0
2021-10-22 12:44:40,0.02,0.0156,-5.0,176.0,783.0,1080.0
2021-10-22 12:45:40,0.02,0.0156,-5.0,176.0,783.0,1080.0
2021-10-22 12:46:41,0.02,0.0156,-5.0,176.0,783.0,1080.0
2021-10-22 12:47:42,0.02,0.0156,-5.0,176.0,784.0,1080.0
2021-10-22 12:48:42,0.02,0.0156,-5.0,176.0,783.0,1080.0
2021-10-22 12:49:43,0.02,0.0156,-5.0,176.0,783.0,1080.0
2021-10-22 12:50:43,0.02,0.0156,-5.0,175.0,783.0,1080.0
2021-10-22 12:51:44,0.02,0.0156,-5.0,175.0,784.0,1080.0
2021-10-22 12:52:44,0.02,0.0156,-5.0,175.0,783.0,1080.0
2021-10-22 12:53:45,0.02,0.0156,-5.0,175.0,783.0,1080.0
2021-10-22 12:54:45,0.02,0.0156,-5.0,175.0,783.0,1080.0
2021-10-22 12:55:46,0.02,0.0156,-5.0,175.0,783.0,1080.0
2021-10-22 12:56:46,0.02,0.0156,-5.0,175.0,783.0,1080.0
2021-10-22 12:57:47,0.02,0.0156,-5.0,175.0,783.0,1080.0
2021-10-22 12:58:48,0.02,0.0156,-5.0,175.0,782.0,1080.0
2021-10-22 12:59:48,0.02,0.0156,-5.0,174.0,783.0,1080.0
2021-10-22 13:00:49,0.02,0.0156,-5.0,174.0,783.0,1080.0
2021-10-22 13:01:49,0.02,0.0156,-5.0,174.0,782.0,1080.0
2021-10-22 13:02:50,0.02,0.0156,-5.0,174.0,783.0,1080.0
2021-10-22 13:03:50,0.02,0.0157,-5.0,174.0,783.0,1080.0
2021-10-22 13:04:51,0.02,0.0156,-5.0,174.0,783.0,1080.0
2021-10-22 13:05:51,0.02,0.0157,-5.0,174.0,783.0,1080.0
2021-10-22 13:06:52,0.02,0.0157,-5.0,174.0,783.0,1080.0
2021-10-22 13:07:53,0.02,0.0157,-5.0,174.0,783.0,1080.0
2021-10-22 13:08:53,0.02,0.0157,-5.0,174.0,783.0,1080.0
2021-10-22 13:09:54,0.02,0.0157,-5.0,174.0,783.0,1080.0
2021-10-22 13:10:54,0.02,0.0157,-5.0,174.0,783.0,1080.0
2021-10-22 13:11:55,0.02,0.0157,-5.0,173.0,783.0,1080.0
2021-10-22 13:12:55,0.02,0.0157,-5.0,173.0,783.0,1080.0
2021-10-22 13:13:56,0.02,0.0157,-5.0,173.0,782.0,1080.0
2021-10-22 13:14:56,0.02,0.0158,-5.0,173.0,783.0,1080.0
2021-10-22 13:15:57,0.02,0.0157,-5.0,173.0,784.0,1080.0
2021-10-22 13:16:57,0.02,0.0158,-5.0,173.0,784.0,1080.0
2021-10-22 13:17:58,0.02,0.0158,-5.0,173.0,784.0,1080.0
2021-10-22 13:18:58,0.02,0.0158,-5.0,173.0,784.0,1080.0
2021-10-22 13:19:59,0.02,0.0158,-5.0,173.0,784.0,1080.0
2021-10-22 13:20:59,0.02,0.0158,-5.0,173.0,784.0,1080.0
2021-10-22 13:22:00,0.02,0.0158,-5.0,173.0,785.0,1080.0
2021-10-22 13:23:01,0.02,0.0159,-5.0,172.0,785.0,1080.0
2021-10-22 13:24:01,0.02,0.0159,-5.0,172.0,785.0,1080.0
2021-10-22 13:25:02,0.02,0.0159,-5.0,172.0,785.0,1080.0
2021-10-22 13:26:02,0.02,0.0159,-5.0,172.0,785.0,1080.0
2021-10-22 13:27:02,0.02,0.0159,-5.0,172.0,786.0,1080.0
2021-10-22 13:28:03,0.02,0.0159,-5.0,172.0,784.0,1080.0
2021-10-22 13:29:04,0.02,0.0159,-5.0,172.0,784.0,1080.0
2021-10-22 13:30:04,0.02,0.0159,-5.0,172.0,784.0,1080.0
2021-10-22 13:31:05,0.02,0.0159,-5.0,172.0,784.0,1080.0
2021-10-22 13:32:05,0.02,0.0159,-5.0,172.0,784.0,1080.0
2021-10-22 13:33:05,0.02,0.0159,-5.0,172.0,785.0,1080.0
2021-10-22 13:34:06,0.02,0.0159,-5.0,172.0,784.0,1080.0
2021-10-22 13:35:06,0.02,0.0159,-5.0,171.0,784.0,1080.0
2021-10-22 13:36:07,0.02,0.0159,-5.0,171.0,784.0,1080.0
2021-10-22 13:37:07,0.02,0.0159,-5.0,171.0,785.0,1080.0
2021-10-22 13:38:08,0.02,0.0159,-5.0,171.0,785.0,1080.0
2021-10-22 13:39:08,0.02,0.0159,-5.0,171.0,784.0,1080.0
2021-10-22 13:40:09,0.02,0.0159,-5.0,171.0,784.0,1080.0
2021-10-22 13:41:09,0.02,0.0159,-5.0,171.0,784.0,1080.0
2021-10-22 13:42:10,0.02,0.0159,-5.0,171.0,784.0,1080.0
2021-10-22 13:43:10,0.02,0.016,-5.0,171.0,786.0,1080.0
2021-10-22 13:44:11,0.02,0.016,-5.0,171.0,785.0,1080.0
2021-10-22 13:45:11,0.02,0.016,-5.0,171.0,785.0,1080.0
2021-10-22 13:46:12,0.02,0.016,-5.0,171.0,784.0,1080.0
2021-10-22 13:47:12,0.02,0.016,-5.0,171.0,785.0,1080.0
2021-10-22 13:48:13,0.02,0.016,-5.0,170.0,785.0,1080.0
2021-10-22 13:49:14,0.02,0.016,-5.0,170.0,784.0,1080.0
2021-10-22 13:50:14,0.02,0.0161,-5.0,170.0,785.0,1080.0
2021-10-22 13:51:14,0.02,0.0161,-5.0,170.0,785.0,1080.0
2021-10-22 13:52:15,0.02,0.0161,-5.0,170.0,785.0,1080.0
2021-10-22 13:53:15,0.02,0.0161,-5.0,170.0,784.0,1080.0
2021-10-22 13:54:16,0.02,0.0161,-5.0,170.0,786.0,1080.0
2021-10-22 13:55:16,0.02,0.0161,-5.0,170.0,785.0,1080.0
2021-10-22 13:56:17,0.02,0.0161,-5.0,170.0,784.0,1080.0
2021-10-22 13:57:17,0.02,0.0161,-5.0,170.0,784.0,1080.0
2021-10-22 13:58:18,0.02,0.0161,-5.0,170.0,785.0,1080.0
2021-10-22 13:59:18,0.02,0.0161,-5.0,170.0,784.0,1080.0
2021-10-22 14:00:18,0.02,0.0162,-5.0,170.0,785.0,1080.0
2021-10-22 14:01:19,0.02,0.0162,-5.0,169.0,785.0,1080.0
2021-10-22 14:02:19,0.02,0.0162,-5.0,169.0,784.0,1080.0
2021-10-22 14:03:20,0.02,0.0162,-5.0,169.0,784.0,1080.0
2021-10-22 14:04:20,0.02,0.0162,-5.0,169.0,784.0,1080.0
2021-10-22 14:05:21,0.02,0.0162,-5.0,169.0,785.0,1080.0
2021-10-22 14:06:21,0.02,0.0162,-5.0,169.0,784.0,1080.0
2021-10-22 14:07:22,0.02,0.0162,-5.0,169.0,784.0,1080.0
2021-10-22 14:08:22,0.02,0.0162,-5.0,169.0,785.0,1080.0
2021-10-22 14:09:23,0.02,0.0162,-5.0,169.0,784.0,1080.0
2021-10-22 14:10:23,0.02,0.0162,-5.0,169.0,785.0,1080.0
2021-10-22 14:11:24,0.02,0.0162,-5.0,169.0,784.0,1080.0
2021-10-22 14:12:25,0.02,0.0163,-5.0,169.0,784.0,1080.0
2021-10-22 14:13:25,0.02,0.0162,-5.0,169.0,784.0,1080.0
2021-10-22 14:14:26,0.02,0.0162,-5.0,169.0,784.0,1080.0
2021-10-22 14:15:26,0.02,0.0163,-5.0,168.0,784.0,1080.0
2021-10-22 14:16:27,0.02,0.0163,-5.0,168.0,784.0,1080.0
2021-10-22 14:17:27,0.02,0.0163,-5.0,168.0,785.0,1080.0
2021-10-22 14:18:28,0.02,0.0163,-5.0,168.0,785.0,1080.0
2021-10-22 14:19:28,0.02,0.0163,-5.0,168.0,784.0,1080.0
2021-10-22 14:20:29,0.02,0.0163,-5.0,168.0,784.0,1080.0
2021-10-22 14:21:29,0.02,0.0163,-5.0,168.0,785.0,1080.0
2021-10-22 14:22:30,0.02,0.0163,-5.0,168.0,784.0,1080.0
2021-10-22 14:23:30,0.02,0.0163,-5.0,168.0,785.0,1080.0
2021-10-22 14:24:31,0.02,0.0163,-5.0,168.0,784.0,1080.0
2021-10-22 14:25:31,0.02,0.0163,-5.0,168.0,785.0,1080.0
2021-10-22 14:26:32,0.02,0.0163,-5.0,168.0,785.0,1080.0
2021-10-22 14:27:32,0.02,0.0164,-5.0,168.0,785.0,1080.0
2021-10-22 14:28:33,0.02,0.0163,-5.0,168.0,785.0,1080.0
2021-10-22 14:29:33,0.02,0.0164,-5.0,167.0,786.0,1080.0
2021-10-22 14:30:34,0.02,0.0164,-5.0,167.0,786.0,1080.0
2021-10-22 14:31:34,0.02,0.0164,-5.0,167.0,786.0,1080.0
2021-10-22 14:32:35,0.02,0.0164,-5.0,167.0,787.0,1080.0
2021-10-22 14:33:35,0.02,0.0164,-5.0,167.0,785.0,1080.0
2021-10-22 14:34:36,0.02,0.0164,-5.0,167.0,786.0,1080.0
2021-10-22 14:35:36,0.02,0.0165,-5.0,167.0,786.0,1080.0
2021-10-22 14:36:37,0.02,0.0164,-5.0,167.0,786.0,1080.0
2021-10-22 14:37:37,0.02,0.0165,-5.0,167.0,786.0,1080.0
2021-10-22 14:38:38,0.02,0.0164,-5.0,167.0,787.0,1080.0
2021-10-22 14:39:38,0.02,0.0165,-5.0,167.0,786.0,1080.0
2021-10-22 14:40:39,0.02,0.0165,-5.0,167.0,786.0,1080.0
2021-10-22 14:41:39,0.02,0.0165,-5.0,167.0,786.0,1080.0
2021-10-22 14:42:40,0.02,0.0165,-5.0,167.0,786.0,1080.0
2021-10-22 14:43:40,0.02,0.0165,-5.0,167.0,786.0,1080.0
2021-10-22 14:44:41,0.02,0.0165,-5.0,167.0,786.0,1080.0
2021-10-22 14:45:41,0.02,0.0165,-5.0,166.0,786.0,1080.0
2021-10-22 14:46:42,0.02,0.0165,-5.0,166.0,786.0,1080.0
2021-10-22 14:47:42,0.02,0.0165,-5.0,166.0,786.0,1080.0
2021-10-22 14:48:43,0.02,0.0165,-5.0,166.0,786.0,1080.0
2021-10-22 14:49:43,0.02,0.0166,-5.0,166.0,786.0,1080.0
2021-10-22 14:50:44,0.02,0.0165,-5.0,166.0,786.0,1080.0
2021-10-22 14:51:44,0.02,0.0166,-5.0,166.0,786.0,1080.0
2021-10-22 14:52:45,0.02,0.0166,-5.0,166.0,787.0,1080.0
2021-10-22 14:53:45,0.02,0.0166,-5.0,166.0,786.0,1080.0
2021-10-22 14:54:46,0.02,0.0166,-5.0,166.0,786.0,1080.0
2021-10-22 14:55:46,0.02,0.0166,-5.0,166.0,786.0,1080.0
2021-10-22 14:56:47,0.02,0.0166,-5.0,166.0,786.0,1080.0
2021-10-22 14:57:47,0.02,0.0166,-5.0,166.0,786.0,1080.0
2021-10-22 14:58:48,0.02,0.0166,-5.0,166.0,786.0,1080.0
2021-10-22 14:59:48,0.02,0.0166,-5.0,166.0,786.0,1080.0
2021-10-22 15:00:49,0.02,0.0166,-5.0,166.0,786.0,1080.0
2021-10-22 15:01:49,0.02,0.0166,-5.0,166.0,785.0,1080.0
2021-10-22 15:02:50,0.02,0.0166,-5.0,165.0,786.0,1080.0
2021-10-22 15:03:50,0.02,0.0167,-5.0,165.0,786.0,1080.0
2021-10-22 15:04:51,0.02,0.0167,-5.0,165.0,786.0,1080.0
2021-10-22 15:05:52,0.02,0.0167,-5.0,165.0,786.0,1080.0
2021-10-22 15:06:52,0.02,0.0167,-5.0,165.0,786.0,1080.0
2021-10-22 15:07:53,0.02,0.0167,-5.0,165.0,786.0,1080.0
2021-10-22 15:08:53,0.02,0.0167,-5.0,165.0,786.0,1080.0
2021-10-22 15:09:54,0.02,0.0167,-5.0,165.0,787.0,1080.0
2021-10-22 15:10:54,0.02,0.0167,-5.0,165.0,786.0,1080.0
2021-10-22 15:11:55,0.02,0.0167,-5.0,165.0,786.0,1080.0
2021-10-22 15:12:55,0.02,0.0167,-5.0,165.0,786.0,1080.0
2021-10-22 15:13:56,0.02,0.0168,-5.0,165.0,786.0,1080.0
2021-10-22 15:14:56,0.02,0.0168,-5.0,165.0,786.0,1080.0
2021-10-22 15:15:57,0.02,0.0168,-5.0,165.0,785.0,1080.0
2021-10-22 15:16:57,0.02,0.0168,-5.0,165.0,786.0,1080.0
2021-10-22 15:17:58,0.02,0.0168,-5.0,165.0,786.0,1080.0
2021-10-22 15:18:58,0.02,0.0168,-5.0,165.0,786.0,1080.0
2021-10-22 15:19:59,0.02,0.0168,-5.0,165.0,786.0,1080.0
2021-10-22 15:20:59,0.02,0.0168,-5.0,164.0,786.0,1080.0
2021-10-22 15:22:00,0.02,0.0168,-5.0,164.0,786.0,1080.0
2021-10-22 15:23:00,0.02,0.0168,-5.0,164.0,786.0,1080.0
2021-10-22 15:24:00,0.02,0.0169,-5.0,164.0,787.0,1080.0
2021-10-22 15:25:01,0.02,0.0169,-5.0,164.0,786.0,1080.0
2021-10-22 15:26:01,0.02,0.0169,-5.0,164.0,787.0,1080.0
2021-10-22 15:27:02,0.02,0.0169,-5.0,164.0,786.0,1080.0
2021-10-22 15:28:02,0.02,0.0169,-5.0,164.0,786.0,1080.0
2021-10-22 15:29:03,0.02,0.0169,-5.0,164.0,786.0,1080.0
2021-10-22 15:30:03,0.02,0.0169,-5.0,164.0,785.0,1080.0
2021-10-22 15:31:04,0.02,0.0169,-5.0,164.0,786.0,1080.0
2021-10-22 15:32:04,0.02,0.0169,-5.0,164.0,786.0,1080.0
2021-10-22 15:33:05,0.02,0.0169,-5.0,164.0,786.0,1080.0
2021-10-22 15:34:05,0.02,0.0169,-5.0,164.0,786.0,1080.0
2021-10-22 15:35:06,0.02,0.0169,-5.0,164.0,786.0,1080.0
2021-10-22 15:36:06,0.02,0.0169,-5.0,164.0,786.0,1080.0
2021-10-22 15:37:07,0.02,0.0169,-5.0,164.0,785.0,1080.0
2021-10-22 15:38:07,0.02,0.0169,-5.0,164.0,786.0,1080.0
2021-10-22 15:39:08,0.02,0.0169,-5.0,164.0,787.0,1080.0
2021-10-22 15:40:08,0.02,0.0169,-5.0,164.0,786.0,1080.0
2021-10-22 15:41:09,0.02,0.0169,-5.0,164.0,785.0,753.0
2021-10-22 15:42:09,0.02,0.0169,-5.0,163.0,787.0,433.0
2021-10-22 15:43:10,0.02,0.0169,-5.0,163.0,786.0,248.0
2021-10-22 15:44:10,0.02,0.0169,-5.0,163.0,786.0,142.0
2021-10-22 15:45:11,0.02,0.0169,-5.0,163.0,786.0,82.0
2021-10-22 15:46:11,0.02,0.0169,-5.0,163.0,786.0,46.7
2021-10-22 15:47:12,0.02,0.0169,-5.0,163.0,786.0,26.6
2021-10-22 15:48:12,0.02,0.017,-5.0,163.0,786.0,15.8
2021-10-22 15:49:13,0.02,0.017,-5.0,163.0,786.0,9.8
2021-10-22 15:50:13,0.02,0.017,-5.0,163.0,786.0,6.31
2021-10-22 15:51:14,0.02,0.017,-5.0,163.0,786.0,4.14
2021-10-22 15:52:15,0.02,0.017,-5.0,163.0,786.0,2.9
2021-10-22 15:53:15,0.02,0.0171,-5.0,163.0,787.0,2.16
2021-10-22 15:54:16,0.02,0.0171,-5.0,163.0,786.0,1.69
2021-10-22 15:55:16,0.02,0.0171,-5.0,163.0,786.0,1.41
2021-10-22 15:56:17,0.02,0.0171,-5.0,163.0,786.0,1.21
2021-10-22 15:57:17,0.02,0.0171,-5.0,163.0,786.0,1.07
2021-10-22 15:58:17,0.02,0.0171,-5.0,163.0,786.0,0.9540000000000001
2021-10-22 15:59:18,0.02,0.0171,-5.0,163.0,787.0,0.857
2021-10-22 16:00:19,0.02,0.0171,-5.0,163.0,786.0,0.79
2021-10-22 16:01:19,0.02,0.0171,-5.0,163.0,787.0,0.728
2021-10-22 16:02:20,0.611,0.0172,-5.0,163.0,786.0,0.6709999999999999
2021-10-22 16:03:20,0.563,0.0172,-5.0,163.0,787.0,0.608
2021-10-22 16:04:21,0.172,0.0172,-5.0,163.0,786.0,0.14300000000000002
2021-10-22 16:05:22,0.0802,0.0171,-5.0,163.0,786.0,0.0496
2021-10-22 16:06:22,0.0652,0.0172,-5.0,163.0,787.0,0.0393
2021-10-22 16:07:23,0.0564,0.0172,-5.0,163.0,786.0,0.0331
2021-10-22 16:08:23,0.0498,0.0172,-5.0,163.0,786.0,0.0291
2021-10-22 16:09:24,0.0452,0.0172,-5.0,162.0,786.0,0.026
2021-10-22 16:10:25,0.0417,0.0172,-5.0,163.0,786.0,0.0234
2021-10-22 16:11:25,0.0379,0.0172,-5.0,162.0,786.0,0.0213
2021-10-22 16:12:26,0.0348,0.0172,-5.0,162.0,786.0,0.0195
2021-10-22 16:13:27,0.0322,0.0172,-5.0,163.0,786.0,0.0181
2021-10-22 16:14:27,0.0301,0.0172,-5.0,162.0,787.0,0.0169
2021-10-22 16:15:28,0.0284,0.0172,-5.0,162.0,786.0,0.0158
2021-10-22 16:16:29,0.0269,0.0172,-5.0,162.0,786.0,0.0149
2021-10-22 16:17:29,0.0257,0.0172,-5.0,162.0,786.0,0.0141
2021-10-22 16:18:30,0.0247,0.0173,-5.0,162.0,785.0,0.0133
2021-10-22 16:19:31,0.0237,0.0173,-5.0,162.0,786.0,0.0126
2021-10-22 16:20:31,0.0229,0.0173,-5.0,162.0,786.0,0.0121
2021-10-22 16:21:32,0.0221,0.0173,-5.0,162.0,786.0,0.0115
2021-10-22 16:22:32,0.0215,0.0173,-5.0,162.0,786.0,0.0111
2021-10-22 16:23:33,0.0209,0.0173,-5.0,162.0,786.0,0.0107
2021-10-22 16:24:34,0.0203,0.0174,-5.0,162.0,786.0,0.0104
2021-10-22 16:25:35,0.0195,0.0174,-5.0,162.0,786.0,0.01
2021-10-22 16:26:35,0.0191,0.0174,-5.0,162.0,786.0,0.009729999999999999
2021-10-22 16:27:36,0.0185,0.0174,-5.0,162.0,786.0,0.00945
2021-10-22 16:28:37,0.0179,0.0174,-5.0,162.0,787.0,0.009179999999999999
2021-10-22 16:29:37,0.0174,0.0174,-5.0,162.0,787.0,0.00893
2021-10-22 16:30:38,0.017,0.0175,-5.0,162.0,786.0,0.00872
2021-10-22 16:31:39,0.0165,0.0175,-5.0,162.0,787.0,0.0085
2021-10-22 16:32:39,0.0161,0.0175,-5.0,162.0,786.0,0.00824
2021-10-22 16:33:40,0.0156,0.0175,-5.0,162.0,788.0,0.00792
2021-10-22 16:34:41,0.0151,0.0175,-5.0,162.0,787.0,0.007690000000000001
2021-10-22 16:35:42,0.0147,0.0175,-5.0,162.0,788.0,0.00746
2021-10-22 16:36:42,0.0143,0.0175,-5.0,162.0,787.0,0.00725
2021-10-22 16:37:43,0.0139,0.0175,-5.0,162.0,787.0,0.00704
2021-10-22 16:38:44,0.00908,0.0175,-5.0,161.0,787.0,0.00409
2021-10-22 16:39:45,0.00527,0.0175,-5.0,161.0,787.0,0.00227
2021-10-22 16:40:45,0.0030399999999999997,0.0175,-5.0,162.0,787.0,0.00134
2021-10-22 16:41:46,0.00199,0.0175,-6.0,162.0,788.0,0.000868
2021-10-22 16:42:47,0.00128,0.0176,-6.0,161.0,788.0,0.000614
2021-10-22 16:43:47,0.000889,0.0176,-5.0,161.0,788.0,0.0005009999999999999
2021-10-22 16:44:48,0.000687,0.0176,-5.0,161.0,787.0,0.0005009999999999999
2021-10-22 16:45:49,0.000566,0.0177,-5.0,161.0,787.0,0.0005009999999999999
2021-10-22 16:46:49,0.000489,0.0177,-5.0,161.0,787.0,0.0005009999999999999
2021-10-22 16:47:50,0.000437,0.0177,-6.0,161.0,788.0,0.0005009999999999999
2021-10-22 16:48:51,0.0004,0.0178,-6.0,161.0,787.0,0.0005009999999999999
2021-10-22 16:49:51,0.000371,0.0178,-6.0,161.0,788.0,0.0005009999999999999
2021-10-22 16:50:52,0.00034700000000000003,0.0178,-6.0,161.0,788.0,0.0005009999999999999
2021-10-22 16:51:53,0.000328,0.0178,-6.0,161.0,788.0,0.0005009999999999999
2021-10-22 16:52:53,0.000314,0.0179,-6.0,161.0,788.0,0.0005009999999999999
2021-10-22 16:53:54,0.0003,0.0179,-6.0,161.0,788.0,0.0005009999999999999
2021-10-22 16:54:55,0.00028900000000000003,0.0179,-6.0,161.0,788.0,0.0005009999999999999
2021-10-22 16:55:55,0.00028,0.0179,-6.0,161.0,789.0,0.0005009999999999999
2021-10-22 16:56:56,0.000271,0.018,-6.0,161.0,790.0,0.0005009999999999999
2021-10-22 16:57:57,0.000262,0.018,-6.0,161.0,789.0,0.0005009999999999999
2021-10-22 16:58:57,0.00025699999999999996,0.0181,-6.0,161.0,789.0,0.0005009999999999999
2021-10-22 16:59:58,0.000252,0.018,-6.0,161.0,789.0,0.0005009999999999999
2021-10-22 17:00:59,0.000246,0.0181,-5.0,161.0,788.0,0.0005009999999999999
2021-10-22 17:01:59,0.00023999999999999998,0.0181,-6.0,161.0,788.0,0.0005009999999999999
2021-10-22 17:03:00,0.000236,0.0181,-6.0,161.0,790.0,0.0005009999999999999
2021-10-22 17:04:00,0.00022999999999999998,0.0181,-6.0,161.0,789.0,0.0005009999999999999
2021-10-22 17:05:01,0.00022400000000000002,0.0182,-6.0,161.0,790.0,0.0005009999999999999
2021-10-22 17:06:02,0.00021899999999999998,0.0181,-6.0,161.0,788.0,0.0005009999999999999
2021-10-22 17:07:02,0.00021600000000000002,0.0182,-6.0,161.0,790.0,0.0005009999999999999
2021-10-22 17:08:03,0.00021099999999999998,0.0182,-6.0,161.0,789.0,0.0005009999999999999
2021-10-22 17:09:03,0.000207,0.0182,-6.0,161.0,790.0,0.0005009999999999999
2021-10-22 17:10:04,0.00020299999999999997,0.0182,-6.0,161.0,789.0,0.0005009999999999999
2021-10-22 17:11:04,0.0002,0.0183,-6.0,161.0,788.0,0.0005009999999999999
2021-10-22 17:12:05,0.000198,0.0182,-6.0,161.0,789.0,0.0005009999999999999
2021-10-22 17:13:06,0.000195,0.0183,-6.0,161.0,788.0,0.0005009999999999999
2021-10-22 17:14:06,0.000192,0.0183,-6.0,161.0,789.0,0.0005009999999999999
2021-10-22 17:15:07,0.00018899999999999999,0.0183,-6.0,161.0,789.0,0.0005009999999999999
2021-10-22 17:16:08,0.00018600000000000002,0.0183,-6.0,161.0,789.0,0.0005009999999999999
2021-10-22 17:17:08,0.000183,0.0184,-6.0,161.0,790.0,0.0005009999999999999
2021-10-22 17:18:09,0.00018,0.0184,-5.0,161.0,789.0,0.0005009999999999999
2021-10-22 17:19:10,0.000177,0.0184,-5.0,161.0,789.0,0.0005009999999999999
2021-10-22 17:20:11,0.000174,0.0184,-6.0,161.0,790.0,0.0005009999999999999
2021-10-22 17:21:11,0.000171,0.0184,-6.0,161.0,791.0,0.0005009999999999999
2021-10-22 17:22:12,0.000168,0.0184,-5.0,160.0,790.0,0.0005009999999999999
2021-10-22 17:23:12,0.000164,0.0184,-6.0,161.0,791.0,0.0005009999999999999
2021-10-22 17:24:13,0.000161,0.0185,-5.0,160.0,791.0,0.0005009999999999999
2021-10-22 17:25:14,0.00015900000000000002,0.0184,-5.0,160.0,791.0,0.0005009999999999999
2021-10-22 17:26:14,0.000156,0.0185,-6.0,160.0,790.0,0.0005009999999999999
2021-10-22 17:27:15,0.000153,0.0185,-5.0,160.0,790.0,0.0005009999999999999
2021-10-22 17:28:16,0.000151,0.0185,-5.0,160.0,790.0,0.0005009999999999999
2021-10-22 17:29:16,0.000149,0.0185,-6.0,160.0,790.0,0.0005009999999999999
2021-10-22 17:30:17,0.000147,0.0185,-5.0,160.0,791.0,0.0005009999999999999
2021-10-22 17:31:18,0.000145,0.0185,-5.0,160.0,791.0,0.0005009999999999999
2021-10-22 17:32:18,0.000144,0.0185,-6.0,160.0,790.0,0.0005009999999999999
2021-10-22 17:33:19,0.00014199999999999998,0.0185,-6.0,160.0,790.0,0.0005009999999999999
2021-10-22 17:34:20,0.00014,0.0185,-6.0,160.0,790.0,0.0005009999999999999
2021-10-22 17:35:20,0.000139,0.0186,-5.0,160.0,790.0,0.0005009999999999999
2021-10-22 17:36:21,0.00013700000000000002,0.0186,-5.0,160.0,789.0,0.0005009999999999999
2021-10-22 17:37:21,0.000135,0.0186,-5.0,160.0,790.0,0.0005009999999999999
2021-10-22 17:38:22,0.000134,0.0187,-5.0,160.0,790.0,0.0005009999999999999
2021-10-22 17:39:23,0.000134,0.0187,-5.0,160.0,790.0,0.0005009999999999999
