datetime,T2
2021-10-22 00:00:37,269.15
2021-10-22 00:01:17,269.198
2021-10-22 00:01:57,269.235
2021-10-22 00:02:37,269.277
2021-10-22 00:03:17,269.277
2021-10-22 00:03:57,269.321
2021-10-22 00:04:38,269.345
2021-10-22 00:05:18,269.387
2021-10-22 00:05:58,269.446
2021-10-22 00:06:38,269.446
2021-10-22 00:07:18,269.476
2021-10-22 00:07:59,269.508
2021-10-22 00:08:39,269.56
2021-10-22 00:09:19,269.595
2021-10-22 00:09:59,269.595
2021-10-22 00:10:39,269.639
2021-10-22 00:11:19,269.682
2021-10-22 00:12:00,269.72
2021-10-22 00:12:40,269.766
2021-10-22 00:13:20,269.766
2021-10-22 00:14:00,269.805
2021-10-22 00:14:40,269.851
2021-10-22 00:15:20,269.903
2021-10-22 00:16:01,269.932
2021-10-22 00:16:41,269.932
2021-10-22 00:17:21,269.959
2021-10-22 00:18:01,270.01
2021-10-22 00:18:41,270.048
2021-10-22 00:19:22,270.089
2021-10-22 00:20:02,270.132
2021-10-22 00:20:42,270.132
2021-10-22 00:21:22,270.185
2021-10-22 00:22:02,270.217
2021-10-22 00:22:43,270.251
2021-10-22 00:23:23,270.296
2021-10-22 00:24:03,270.296
2021-10-22 00:24:43,270.351
2021-10-22 00:25:23,270.385
2021-10-22 00:26:03,270.412
2021-10-22 00:26:43,270.465
2021-10-22 00:27:24,270.465
2021-10-22 00:28:04,270.499
2021-10-22 00:28:44,270.534
2021-10-22 00:29:24,270.573
2021-10-22 00:30:04,270.611
2021-10-22 00:30:44,270.611
2021-10-22 00:31:25,270.654
2021-10-22 00:32:05,270.692
2021-10-22 00:32:45,270.715
2021-10-22 00:33:25,270.767
2021-10-22 00:34:05,270.767
2021-10-22 00:34:45,270.82
2021-10-22 00:35:26,270.843
2021-10-22 00:36:06,270.897
2021-10-22 00:36:46,270.924
2021-10-22 00:37:26,270.924
2021-10-22 00:38:06,270.977
2021-10-22 00:38:46,271.016
2021-10-22 00:39:27,271.035
2021-10-22 00:40:07,271.08
2021-10-22 00:40:47,271.08
2021-10-22 00:41:27,271.115
2021-10-22 00:42:07,271.168
2021-10-22 00:42:48,271.196
2021-10-22 00:43:28,271.237
2021-10-22 00:44:08,271.237
2021-10-22 00:44:48,271.275
2021-10-22 00:45:28,271.319
2021-10-22 00:46:08,271.36
2021-10-22 00:46:49,271.391
2021-10-22 00:47:29,271.391
2021-10-22 00:48:09,271.435
2021-10-22 00:48:49,271.463
2021-10-22 00:49:29,271.496
2021-10-22 00:50:10,271.55
2021-10-22 00:50:50,271.55
2021-10-22 00:51:30,271.58
2021-10-22 00:52:10,271.624
2021-10-22 00:52:50,271.663
2021-10-22 00:53:30,271.677
2021-10-22 00:54:11,271.677
2021-10-22 00:54:51,271.734
2021-10-22 00:55:31,271.767
2021-10-22 00:56:11,271.801
2021-10-22 00:56:51,271.841
2021-10-22 00:57:32,271.841
2021-10-22 00:58:12,271.877
2021-10-22 00:58:52,271.919
2021-10-22 00:59:32,271.96
2021-10-22 01:00:12,271.993
2021-10-22 01:00:52,272.025
2021-10-22 01:01:33,272.025
2021-10-22 01:02:13,272.07
2021-10-22 01:02:53,272.106
2021-10-22 01:03:33,272.148
2021-10-22 01:04:13,272.187
2021-10-22 01:04:54,272.187
2021-10-22 01:05:34,272.202
2021-10-22 01:06:14,272.246
2021-10-22 01:06:54,272.278
2021-10-22 01:07:34,272.326
2021-10-22 01:08:14,272.326
2021-10-22 01:08:55,272.351
2021-10-22 01:09:35,272.387
2021-10-22 01:10:15,272.422
2021-10-22 01:10:55,272.462
2021-10-22 01:11:35,272.462
2021-10-22 01:12:15,272.501
2021-10-22 01:12:56,272.54
2021-10-22 01:13:36,272.575
2021-10-22 01:14:16,272.611
2021-10-22 01:14:56,272.611
2021-10-22 01:15:36,272.646
2021-10-22 01:16:16,272.689
2021-10-22 01:16:57,272.716
2021-10-22 01:17:37,272.752
2021-10-22 01:18:17,272.752
2021-10-22 01:18:57,272.783
2021-10-22 01:19:37,272.832
2021-10-22 01:20:18,272.859
2021-10-22 01:20:58,272.892
2021-10-22 01:21:38,272.892
2021-10-22 01:22:18,272.927
2021-10-22 01:22:58,272.967
2021-10-22 01:23:38,273.0
2021-10-22 01:24:19,273.034
2021-10-22 01:24:59,273.034
2021-10-22 01:25:39,273.06
2021-10-22 01:26:19,273.094
2021-10-22 01:26:59,273.128
2021-10-22 01:27:40,273.168
2021-10-22 01:28:20,273.168
2021-10-22 01:29:00,273.201
2021-10-22 01:29:40,273.242
2021-10-22 01:30:20,273.277
2021-10-22 01:31:00,273.311
2021-10-22 01:31:40,273.311
2021-10-22 01:32:21,273.346
2021-10-22 01:33:01,273.37
2021-10-22 01:33:41,273.418
2021-10-22 01:34:21,273.433
2021-10-22 01:35:01,273.433
2021-10-22 01:35:41,273.482
2021-10-22 01:36:22,273.515
2021-10-22 01:37:02,273.553
2021-10-22 01:37:42,273.587
2021-10-22 01:38:22,273.587
2021-10-22 01:39:02,273.613
2021-10-22 01:39:42,273.653
2021-10-22 01:40:23,273.678
2021-10-22 01:41:03,273.719
2021-10-22 01:41:43,273.749
2021-10-22 01:42:23,273.749
2021-10-22 01:43:03,273.787
2021-10-22 01:43:44,273.812
2021-10-22 01:44:24,273.853
2021-10-22 01:45:04,273.874
2021-10-22 01:45:44,273.874
2021-10-22 01:46:24,273.913
2021-10-22 01:47:05,273.947
2021-10-22 01:47:45,273.983
2021-10-22 01:48:25,274.02
2021-10-22 01:49:05,274.02
2021-10-22 01:49:45,274.05
2021-10-22 01:50:25,274.091
2021-10-22 01:51:06,274.112
2021-10-22 01:51:46,274.149
2021-10-22 01:52:26,274.149
2021-10-22 01:53:06,274.179
2021-10-22 01:53:46,274.211
2021-10-22 01:54:27,274.247
2021-10-22 01:55:07,274.279
2021-10-22 01:55:47,274.279
2021-10-22 01:56:27,274.304
2021-10-22 01:57:07,274.352
2021-10-22 01:57:48,274.383
2021-10-22 01:58:28,274.398
2021-10-22 01:59:08,274.398
2021-10-22 01:59:48,274.432
2021-10-22 02:00:28,274.467
2021-10-22 02:01:08,274.511
2021-10-22 02:01:49,274.529
2021-10-22 02:02:29,274.529
2021-10-22 02:03:09,274.571
2021-10-22 02:03:49,274.602
2021-10-22 02:04:29,274.633
2021-10-22 02:05:09,274.667
2021-10-22 02:05:49,274.667
2021-10-22 02:06:30,274.697
2021-10-22 02:07:10,274.728
2021-10-22 02:07:50,274.755
2021-10-22 02:08:30,274.779
2021-10-22 02:09:10,274.779
2021-10-22 02:09:51,274.815
2021-10-22 02:10:31,274.845
2021-10-22 02:11:11,274.88
2021-10-22 02:11:51,274.919
2021-10-22 02:12:31,274.919
2021-10-22 02:13:11,274.952
2021-10-22 02:13:52,274.971
2021-10-22 02:14:32,275.001
2021-10-22 02:15:12,275.034
2021-10-22 02:15:52,275.034
2021-10-22 02:16:32,275.069
2021-10-22 02:17:12,275.106
2021-10-22 02:17:52,275.127
2021-10-22 02:18:33,275.16
2021-10-22 02:19:13,275.16
2021-10-22 02:19:53,275.194
2021-10-22 02:20:33,275.218
2021-10-22 02:21:13,275.245
2021-10-22 02:21:54,275.284
2021-10-22 02:22:34,275.313
2021-10-22 02:23:14,275.313
2021-10-22 02:23:54,275.339
2021-10-22 02:24:34,275.372
2021-10-22 02:25:14,275.396
2021-10-22 02:25:55,275.424
2021-10-22 02:26:35,275.424
2021-10-22 02:27:15,275.447
2021-10-22 02:27:55,275.483
2021-10-22 02:28:35,275.518
2021-10-22 02:29:15,275.544
2021-10-22 02:29:56,275.544
2021-10-22 02:30:36,275.577
2021-10-22 02:31:16,275.603
2021-10-22 02:31:56,275.644
2021-10-22 02:32:36,275.656
2021-10-22 02:33:16,275.656
2021-10-22 02:33:57,275.694
2021-10-22 02:34:37,275.725
2021-10-22 02:35:17,275.75
2021-10-22 02:35:57,275.777
2021-10-22 02:36:37,275.777
2021-10-22 02:37:18,275.813
2021-10-22 02:37:58,275.836
2021-10-22 02:38:38,275.857
2021-10-22 02:39:18,275.911
2021-10-22 02:39:59,275.911
2021-10-22 02:40:39,275.937
2021-10-22 02:41:19,275.946
2021-10-22 02:41:59,275.98
2021-10-22 02:42:39,276.004
2021-10-22 02:43:19,276.004
2021-10-22 02:43:59,276.045
2021-10-22 02:44:40,276.074
2021-10-22 02:45:20,276.103
2021-10-22 02:46:00,276.116
2021-10-22 02:46:40,276.116
2021-10-22 02:47:20,276.153
2021-10-22 02:48:00,276.178
2021-10-22 02:48:41,276.197
2021-10-22 02:49:21,276.224
2021-10-22 02:50:01,276.224
2021-10-22 02:50:41,276.268
2021-10-22 02:51:21,276.292
2021-10-22 02:52:01,276.322
2021-10-22 02:52:42,276.351
2021-10-22 02:53:22,276.351
2021-10-22 02:54:02,276.381
2021-10-22 02:54:42,276.401
2021-10-22 02:55:22,276.429
2021-10-22 02:56:02,276.46
2021-10-22 02:56:43,276.46
2021-10-22 02:57:23,276.484
2021-10-22 02:58:03,276.503
2021-10-22 02:58:43,276.54
2021-10-22 02:59:23,276.568
2021-10-22 03:00:03,276.568
2021-10-22 03:00:44,276.592
2021-10-22 03:01:24,276.631
2021-10-22 03:02:04,276.64
2021-10-22 03:02:44,276.662
2021-10-22 03:03:24,276.706
2021-10-22 03:04:05,276.706
2021-10-22 03:04:45,276.728
2021-10-22 03:05:25,276.754
2021-10-22 03:06:05,276.78
2021-10-22 03:06:45,276.806
2021-10-22 03:07:25,276.806
2021-10-22 03:08:06,276.84
2021-10-22 03:08:46,276.859
2021-10-22 03:09:26,276.894
2021-10-22 03:10:06,276.908
2021-10-22 03:10:46,276.908
2021-10-22 03:11:27,276.936
2021-10-22 03:12:07,276.974
2021-10-22 03:12:47,276.991
2021-10-22 03:13:27,277.027
2021-10-22 03:14:07,277.027
2021-10-22 03:14:47,277.053
2021-10-22 03:15:28,277.088
2021-10-22 03:16:08,277.107
2021-10-22 03:16:48,277.123
2021-10-22 03:17:28,277.123
2021-10-22 03:18:08,277.143
2021-10-22 03:18:49,277.191
2021-10-22 03:19:29,277.199
2021-10-22 03:20:09,277.224
2021-10-22 03:20:49,277.224
2021-10-22 03:21:29,277.259
2021-10-22 03:22:09,277.273
2021-10-22 03:22:49,277.31
2021-10-22 03:23:30,277.331
2021-10-22 03:24:10,277.331
2021-10-22 03:24:50,277.373
2021-10-22 03:25:30,277.388
2021-10-22 03:26:10,277.414
2021-10-22 03:26:51,277.439
2021-10-22 03:27:31,277.439
2021-10-22 03:28:11,277.468
2021-10-22 03:28:51,277.495
2021-10-22 03:29:31,277.512
2021-10-22 03:30:12,277.553
2021-10-22 03:30:52,277.553
2021-10-22 03:31:32,277.572
2021-10-22 03:32:12,277.581
2021-10-22 03:32:52,277.614
2021-10-22 03:33:33,277.642
2021-10-22 03:34:13,277.642
2021-10-22 03:34:53,277.666
2021-10-22 03:35:33,277.708
2021-10-22 03:36:13,277.72
2021-10-22 03:36:53,277.733
2021-10-22 03:37:34,277.733
2021-10-22 03:38:14,277.764
2021-10-22 03:38:54,277.79
2021-10-22 03:39:34,277.812
2021-10-22 03:40:15,277.836
2021-10-22 03:40:55,277.868
2021-10-22 03:41:35,277.868
2021-10-22 03:42:15,277.894
2021-10-22 03:42:55,277.913
2021-10-22 03:43:35,277.947
2021-10-22 03:44:16,277.957
2021-10-22 03:44:56,277.957
2021-10-22 03:45:36,277.989
2021-10-22 03:46:16,278.007
2021-10-22 03:46:57,278.045
2021-10-22 03:47:37,278.062
2021-10-22 03:48:17,278.062
2021-10-22 03:48:57,278.085
2021-10-22 03:49:37,278.11
2021-10-22 03:50:17,278.135
2021-10-22 03:50:58,278.153
2021-10-22 03:51:38,278.153
2021-10-22 03:52:18,278.193
2021-10-22 03:52:58,278.21
2021-10-22 03:53:38,278.234
2021-10-22 03:54:18,278.259
2021-10-22 03:54:59,278.259
2021-10-22 03:55:39,278.275
2021-10-22 03:56:19,278.299
2021-10-22 03:56:59,278.33
2021-10-22 03:57:39,278.36
2021-10-22 03:58:19,278.36
2021-10-22 03:58:59,278.368
2021-10-22 03:59:40,278.394
2021-10-22 04:00:20,278.427
2021-10-22 04:01:00,278.451
2021-10-22 04:01:40,278.451
2021-10-22 04:02:20,278.475
2021-10-22 04:03:00,278.494
2021-10-22 04:03:41,278.523
2021-10-22 04:04:21,278.543
2021-10-22 04:05:01,278.543
2021-10-22 04:05:41,278.569
2021-10-22 04:06:21,278.575
2021-10-22 04:07:01,278.611
2021-10-22 04:07:42,278.632
2021-10-22 04:08:22,278.632
2021-10-22 04:09:02,278.667
2021-10-22 04:09:42,278.687
2021-10-22 04:10:22,278.702
2021-10-22 04:11:02,278.73
2021-10-22 04:11:43,278.73
2021-10-22 04:12:23,278.744
2021-10-22 04:13:03,278.771
2021-10-22 04:13:43,278.805
2021-10-22 04:14:23,278.83
2021-10-22 04:15:03,278.83
2021-10-22 04:15:43,278.835
2021-10-22 04:16:24,278.864
2021-10-22 04:17:04,278.888
2021-10-22 04:17:44,278.913
2021-10-22 04:18:24,278.913
2021-10-22 04:19:04,278.923
2021-10-22 04:19:44,278.96
2021-10-22 04:20:25,278.979
2021-10-22 04:21:05,278.996
2021-10-22 04:21:45,279.016
2021-10-22 04:22:25,279.016
2021-10-22 04:23:05,279.036
2021-10-22 04:23:46,279.064
2021-10-22 04:24:26,279.085
2021-10-22 04:25:06,279.115
2021-10-22 04:25:46,279.115
2021-10-22 04:26:26,279.135
2021-10-22 04:27:07,279.157
2021-10-22 04:27:47,279.184
2021-10-22 04:28:27,279.202
2021-10-22 04:29:07,279.202
2021-10-22 04:29:47,279.227
2021-10-22 04:30:27,279.244
2021-10-22 04:31:08,279.28
2021-10-22 04:31:48,279.295
2021-10-22 04:32:28,279.295
2021-10-22 04:33:08,279.315
2021-10-22 04:33:48,279.342
2021-10-22 04:34:29,279.349
2021-10-22 04:35:09,279.38
2021-10-22 04:35:49,279.38
2021-10-22 04:36:29,279.393
2021-10-22 04:37:09,279.422
2021-10-22 04:37:49,279.444
2021-10-22 04:38:30,279.468
2021-10-22 04:39:10,279.468
2021-10-22 04:39:50,279.49
2021-10-22 04:40:30,279.514
2021-10-22 04:41:10,279.53
2021-10-22 04:41:50,279.554
2021-10-22 04:42:31,279.554
2021-10-22 04:43:11,279.563
2021-10-22 04:43:51,279.581
2021-10-22 04:44:31,279.616
2021-10-22 04:45:11,279.64
2021-10-22 04:45:52,279.64
2021-10-22 04:46:32,279.656
2021-10-22 04:47:12,279.68
2021-10-22 04:47:52,279.694
2021-10-22 04:48:32,279.727
2021-10-22 04:49:12,279.727
2021-10-22 04:49:53,279.748
2021-10-22 04:50:33,279.763
2021-10-22 04:51:13,279.799
2021-10-22 04:51:53,279.812
2021-10-22 04:52:33,279.812
2021-10-22 04:53:13,279.816
2021-10-22 04:53:54,279.854
2021-10-22 04:54:34,279.877
2021-10-22 04:55:14,279.884
2021-10-22 04:55:54,279.884
2021-10-22 04:56:34,279.913
2021-10-22 04:57:14,279.93
2021-10-22 04:57:55,279.951
2021-10-22 04:58:35,279.979
2021-10-22 04:59:15,279.979
2021-10-22 04:59:55,279.996
2021-10-22 05:00:35,280.014
2021-10-22 05:01:16,280.024
2021-10-22 05:01:56,280.054
2021-10-22 05:02:36,280.084
2021-10-22 05:03:16,280.084
2021-10-22 05:03:56,280.081
2021-10-22 05:04:36,280.125
2021-10-22 05:05:17,280.137
2021-10-22 05:05:57,280.159
2021-10-22 05:06:37,280.159
2021-10-22 05:07:17,280.184
2021-10-22 05:07:57,280.2
2021-10-22 05:08:38,280.216
2021-10-22 05:09:18,280.229
2021-10-22 05:09:58,280.229
2021-10-22 05:10:38,280.265
2021-10-22 05:11:18,280.28
2021-10-22 05:11:59,280.309
2021-10-22 05:12:39,280.322
2021-10-22 05:13:19,280.322
2021-10-22 05:13:59,280.339
2021-10-22 05:14:39,280.356
2021-10-22 05:15:19,280.374
2021-10-22 05:16:00,280.395
2021-10-22 05:16:40,280.395
2021-10-22 05:17:20,280.416
2021-10-22 05:18:00,280.435
2021-10-22 05:18:40,280.457
2021-10-22 05:19:20,280.48
2021-10-22 05:20:01,280.48
2021-10-22 05:20:41,280.496
2021-10-22 05:21:21,280.52
2021-10-22 05:22:01,280.539
2021-10-22 05:22:41,280.547
2021-10-22 05:23:21,280.547
2021-10-22 05:24:02,280.579
2021-10-22 05:24:42,280.6
2021-10-22 05:25:22,280.62
2021-10-22 05:26:02,280.634
2021-10-22 05:26:42,280.634
2021-10-22 05:27:22,280.655
2021-10-22 05:28:03,280.676
2021-10-22 05:28:43,280.695
2021-10-22 05:29:23,280.718
2021-10-22 05:30:03,280.718
2021-10-22 05:30:43,280.731
2021-10-22 05:31:23,280.757
2021-10-22 05:32:04,280.775
2021-10-22 05:32:44,280.79
2021-10-22 05:33:24,280.79
2021-10-22 05:34:04,280.817
2021-10-22 05:34:44,280.823
2021-10-22 05:35:24,280.849
2021-10-22 05:36:05,280.88
2021-10-22 05:36:45,280.88
2021-10-22 05:37:25,280.869
2021-10-22 05:38:05,280.9
2021-10-22 05:38:45,280.92
2021-10-22 05:39:26,280.94
2021-10-22 05:40:06,280.94
2021-10-22 05:40:46,280.973
2021-10-22 05:41:26,280.995
2021-10-22 05:42:06,281.004
2021-10-22 05:42:46,281.018
2021-10-22 05:43:27,281.04
2021-10-22 05:44:07,281.04
2021-10-22 05:44:47,281.065
2021-10-22 05:45:27,281.079
2021-10-22 05:46:07,281.093
2021-10-22 05:46:48,281.113
2021-10-22 05:47:28,281.113
2021-10-22 05:48:08,281.134
2021-10-22 05:48:48,281.159
2021-10-22 05:49:28,281.164
2021-10-22 05:50:08,281.182
2021-10-22 05:50:49,281.182
2021-10-22 05:51:29,281.221
2021-10-22 05:52:09,281.229
2021-10-22 05:52:49,281.247
2021-10-22 05:53:29,281.256
2021-10-22 05:54:10,281.256
2021-10-22 05:54:50,281.291
2021-10-22 05:55:30,281.3
2021-10-22 05:56:10,281.326
2021-10-22 05:56:50,281.345
2021-10-22 05:57:30,281.345
2021-10-22 05:58:11,281.36
2021-10-22 05:58:51,281.385
2021-10-22 05:59:31,281.399
2021-10-22 06:00:11,281.413
2021-10-22 06:00:51,281.413
2021-10-22 06:01:32,281.431
2021-10-22 06:02:12,281.461
2021-10-22 06:02:52,281.468
2021-10-22 06:03:32,281.48
2021-10-22 06:04:12,281.48
2021-10-22 06:04:52,281.515
2021-10-22 06:05:32,281.515
2021-10-22 06:06:13,281.546
2021-10-22 06:06:53,281.555
2021-10-22 06:07:33,281.555
2021-10-22 06:08:13,281.591
2021-10-22 06:08:53,281.6
2021-10-22 06:09:34,281.618
2021-10-22 06:10:14,281.633
2021-10-22 06:10:54,281.633
2021-10-22 06:11:34,281.644
2021-10-22 06:12:14,281.661
2021-10-22 06:12:55,281.688
2021-10-22 06:13:35,281.699
2021-10-22 06:14:15,281.699
2021-10-22 06:14:55,281.721
2021-10-22 06:15:35,281.73
2021-10-22 06:16:16,281.746
2021-10-22 06:16:56,281.763
2021-10-22 06:17:36,281.763
2021-10-22 06:18:16,281.78
2021-10-22 06:18:56,281.802
2021-10-22 06:19:36,281.814
2021-10-22 06:20:16,281.856
2021-10-22 06:20:57,281.856
2021-10-22 06:21:37,281.85
2021-10-22 06:22:17,281.874
2021-10-22 06:22:57,281.9
2021-10-22 06:23:37,281.906
2021-10-22 06:24:18,281.918
2021-10-22 06:24:58,281.918
2021-10-22 06:25:38,281.952
2021-10-22 06:26:18,281.961
2021-10-22 06:26:58,281.973
2021-10-22 06:27:39,281.992
2021-10-22 06:28:19,281.992
2021-10-22 06:28:59,282.024
2021-10-22 06:29:39,282.026
2021-10-22 06:30:19,282.05
2021-10-22 06:30:59,282.066
2021-10-22 06:31:40,282.066
2021-10-22 06:32:20,282.084
2021-10-22 06:33:00,282.105
2021-10-22 06:33:40,282.101
2021-10-22 06:34:20,282.128
2021-10-22 06:35:00,282.128
2021-10-22 06:35:40,282.14
2021-10-22 06:36:21,282.156
2021-10-22 06:37:01,282.188
2021-10-22 06:37:41,282.201
2021-10-22 06:38:21,282.201
2021-10-22 06:39:02,282.208
2021-10-22 06:39:42,282.235
2021-10-22 06:40:22,282.253
2021-10-22 06:41:02,282.267
2021-10-22 06:41:42,282.267
2021-10-22 06:42:22,282.291
2021-10-22 06:43:03,282.293
2021-10-22 06:43:43,282.317
2021-10-22 06:44:23,282.337
2021-10-22 06:45:03,282.337
2021-10-22 06:45:43,282.35
2021-10-22 06:46:23,282.367
2021-10-22 06:47:04,282.381
2021-10-22 06:47:44,282.395
2021-10-22 06:48:24,282.395
2021-10-22 06:49:04,282.424
2021-10-22 06:49:44,282.421
2021-10-22 06:50:24,282.443
2021-10-22 06:51:05,282.468
2021-10-22 06:51:45,282.468
2021-10-22 06:52:25,282.473
2021-10-22 06:53:05,282.485
2021-10-22 06:53:45,282.503
2021-10-22 06:54:25,282.527
2021-10-22 06:55:06,282.527
2021-10-22 06:55:46,282.531
2021-10-22 06:56:26,282.563
2021-10-22 06:57:06,282.57
2021-10-22 06:57:46,282.585
2021-10-22 06:58:27,282.585
2021-10-22 06:59:07,282.6
2021-10-22 06:59:47,282.626
2021-10-22 07:00:27,282.637
2021-10-22 07:01:07,282.648
2021-10-22 07:01:48,282.668
2021-10-22 07:02:28,282.668
2021-10-22 07:03:08,282.685
2021-10-22 07:03:48,282.706
2021-10-22 07:04:28,282.713
2021-10-22 07:05:09,282.728
2021-10-22 07:05:49,282.728
2021-10-22 07:06:29,282.743
2021-10-22 07:07:09,282.762
2021-10-22 07:07:50,282.782
2021-10-22 07:08:30,282.801
2021-10-22 07:09:10,282.801
2021-10-22 07:09:50,282.812
2021-10-22 07:10:30,282.833
2021-10-22 07:11:11,282.838
2021-10-22 07:11:51,282.858
2021-10-22 07:12:31,282.858
2021-10-22 07:13:11,282.875
2021-10-22 07:13:51,282.886
2021-10-22 07:14:31,282.901
2021-10-22 07:15:12,282.917
2021-10-22 07:15:52,282.917
2021-10-22 07:16:32,282.93
2021-10-22 07:17:12,282.948
2021-10-22 07:17:52,282.981
2021-10-22 07:18:32,282.968
2021-10-22 07:19:13,282.968
2021-10-22 07:19:53,282.997
2021-10-22 07:20:33,283.001
2021-10-22 07:21:13,283.026
2021-10-22 07:21:53,283.037
2021-10-22 07:22:34,283.037
2021-10-22 07:23:14,283.052
2021-10-22 07:23:54,283.062
2021-10-22 07:24:34,283.074
2021-10-22 07:25:14,283.095
2021-10-22 07:25:54,283.095
2021-10-22 07:26:35,283.112
2021-10-22 07:27:15,283.125
2021-10-22 07:27:55,283.136
2021-10-22 07:28:35,283.152
2021-10-22 07:29:15,283.152
2021-10-22 07:29:56,283.169
2021-10-22 07:30:36,283.179
2021-10-22 07:31:16,283.204
2021-10-22 07:31:56,283.208
2021-10-22 07:32:36,283.208
2021-10-22 07:33:16,283.226
2021-10-22 07:33:56,283.238
2021-10-22 07:34:37,283.252
2021-10-22 07:35:17,283.277
2021-10-22 07:35:57,283.277
2021-10-22 07:36:37,283.298
2021-10-22 07:37:17,283.301
2021-10-22 07:37:58,283.31
2021-10-22 07:38:38,283.336
2021-10-22 07:39:18,283.348
2021-10-22 07:39:58,283.348
2021-10-22 07:40:38,283.363
2021-10-22 07:41:19,283.378
2021-10-22 07:41:59,283.384
2021-10-22 07:42:39,283.409
2021-10-22 07:43:19,283.409
2021-10-22 07:43:59,283.417
2021-10-22 07:44:40,283.427
2021-10-22 07:45:20,283.436
2021-10-22 07:46:00,283.458
2021-10-22 07:46:40,283.458
2021-10-22 07:47:20,283.475
2021-10-22 07:48:00,283.491
2021-10-22 07:48:41,283.499
2021-10-22 07:49:21,283.508
2021-10-22 07:50:01,283.508
2021-10-22 07:50:41,283.527
2021-10-22 07:51:21,283.54
2021-10-22 07:52:01,283.549
2021-10-22 07:52:42,283.571
2021-10-22 07:53:22,283.571
2021-10-22 07:54:02,283.585
2021-10-22 07:54:42,283.585
2021-10-22 07:55:22,283.604
2021-10-22 07:56:02,283.627
2021-10-22 07:56:43,283.627
2021-10-22 07:57:23,283.629
2021-10-22 07:58:03,283.659
2021-10-22 07:58:43,283.66
2021-10-22 07:59:23,283.679
2021-10-22 08:00:04,283.679
2021-10-22 08:00:44,283.692
2021-10-22 08:01:24,283.719
2021-10-22 08:02:04,283.728
2021-10-22 08:02:44,283.716
2021-10-22 08:03:24,283.716
2021-10-22 08:04:05,283.758
2021-10-22 08:04:45,283.765
2021-10-22 08:05:25,283.769
2021-10-22 08:06:05,283.777
2021-10-22 08:06:45,283.777
2021-10-22 08:07:26,283.798
2021-10-22 08:08:06,283.819
2021-10-22 08:08:46,283.831
2021-10-22 08:09:26,283.838
2021-10-22 08:10:06,283.838
2021-10-22 08:10:46,283.86
2021-10-22 08:11:27,283.859
2021-10-22 08:12:07,283.873
2021-10-22 08:12:47,283.897
2021-10-22 08:13:27,283.897
2021-10-22 08:14:07,283.913
2021-10-22 08:14:48,283.921
2021-10-22 08:15:28,283.941
2021-10-22 08:16:08,283.955
2021-10-22 08:16:48,283.955
2021-10-22 08:17:28,283.961
2021-10-22 08:18:09,283.975
2021-10-22 08:18:49,283.983
2021-10-22 08:19:29,283.998
2021-10-22 08:20:09,284.007
2021-10-22 08:20:49,284.007
2021-10-22 08:21:29,284.029
2021-10-22 08:22:10,284.036
2021-10-22 08:22:50,284.055
2021-10-22 08:23:30,284.075
2021-10-22 08:24:10,284.075
2021-10-22 08:24:50,284.079
2021-10-22 08:25:31,284.09
2021-10-22 08:26:11,284.093
2021-10-22 08:26:51,284.122
2021-10-22 08:27:31,284.122
2021-10-22 08:28:11,284.145
2021-10-22 08:28:52,284.141
2021-10-22 08:29:32,284.16
2021-10-22 08:30:12,284.183
2021-10-22 08:30:52,284.183
2021-10-22 08:31:32,284.19
2021-10-22 08:32:12,284.2
2021-10-22 08:32:53,284.211
2021-10-22 08:33:33,284.231
2021-10-22 08:34:13,284.231
2021-10-22 08:34:53,284.238
2021-10-22 08:35:33,284.239
2021-10-22 08:36:13,284.259
2021-10-22 08:36:54,284.26
2021-10-22 08:37:34,284.26
2021-10-22 08:38:14,284.286
2021-10-22 08:38:54,284.304
2021-10-22 08:39:34,284.322
2021-10-22 08:40:15,284.315
2021-10-22 08:40:55,284.315
2021-10-22 08:41:35,284.34
2021-10-22 08:42:15,284.356
2021-10-22 08:42:55,284.361
2021-10-22 08:43:35,284.372
2021-10-22 08:44:16,284.372
2021-10-22 08:44:56,284.381
2021-10-22 08:45:36,284.385
2021-10-22 08:46:16,284.409
2021-10-22 08:46:56,284.424
2021-10-22 08:47:36,284.424
2021-10-22 08:48:17,284.433
2021-10-22 08:48:57,284.45
2021-10-22 08:49:37,284.454
2021-10-22 08:50:17,284.469
2021-10-22 08:50:57,284.469
2021-10-22 08:51:38,284.485
2021-10-22 08:52:18,284.503
2021-10-22 08:52:58,284.514
2021-10-22 08:53:38,284.516
2021-10-22 08:54:18,284.516
2021-10-22 08:54:59,284.531
2021-10-22 08:55:39,284.553
2021-10-22 08:56:19,284.55
2021-10-22 08:56:59,284.574
2021-10-22 08:57:40,284.576
2021-10-22 08:58:20,284.576
2021-10-22 08:59:00,284.591
2021-10-22 08:59:40,284.61
2021-10-22 09:00:20,284.626
2021-10-22 09:01:00,284.635
2021-10-22 09:01:41,284.635
2021-10-22 09:02:21,284.653
2021-10-22 09:03:01,284.656
2021-10-22 09:03:41,284.662
2021-10-22 09:04:22,284.679
2021-10-22 09:05:02,284.679
2021-10-22 09:05:42,284.683
2021-10-22 09:06:22,284.702
2021-10-22 09:07:02,284.711
2021-10-22 09:07:42,284.726
2021-10-22 09:08:23,284.726
2021-10-22 09:09:03,284.742
2021-10-22 09:09:43,284.755
2021-10-22 09:10:23,284.766
2021-10-22 09:11:03,284.766
2021-10-22 09:11:44,284.766
2021-10-22 09:12:24,284.795
2021-10-22 09:13:04,284.806
2021-10-22 09:13:44,284.82
2021-10-22 09:14:24,284.821
2021-10-22 09:15:04,284.821
2021-10-22 09:15:45,284.827
2021-10-22 09:16:25,284.85
2021-10-22 09:17:05,284.858
2021-10-22 09:17:45,284.872
2021-10-22 09:18:25,284.872
2021-10-22 09:19:05,284.885
2021-10-22 09:19:46,284.893
2021-10-22 09:20:26,284.905
2021-10-22 09:21:06,284.918
2021-10-22 09:21:46,284.918
2021-10-22 09:22:26,284.933
2021-10-22 09:23:07,284.943
2021-10-22 09:23:47,284.953
2021-10-22 09:24:27,284.955
2021-10-22 09:25:07,284.955
2021-10-22 09:25:47,284.979
2021-10-22 09:26:27,284.987
2021-10-22 09:27:08,285.002
2021-10-22 09:27:48,285.001
2021-10-22 09:28:28,285.001
2021-10-22 09:29:08,285.012
2021-10-22 09:29:48,285.026
2021-10-22 09:30:28,285.038
2021-10-22 09:31:09,285.078
2021-10-22 09:31:49,285.078
2021-10-22 09:32:29,285.076
2021-10-22 09:33:09,285.082
2021-10-22 09:33:49,285.094
2021-10-22 09:34:30,285.096
2021-10-22 09:35:10,285.115
2021-10-22 09:35:50,285.115
2021-10-22 09:36:30,285.125
2021-10-22 09:37:10,285.14
2021-10-22 09:37:51,285.154
2021-10-22 09:38:31,285.16
2021-10-22 09:39:11,285.16
2021-10-22 09:39:51,285.16
2021-10-22 09:40:31,285.19
2021-10-22 09:41:11,285.184
2021-10-22 09:41:52,285.22
2021-10-22 09:42:32,285.22
2021-10-22 09:43:12,285.23
2021-10-22 09:43:52,285.233
2021-10-22 09:44:32,285.246
2021-10-22 09:45:12,285.257
2021-10-22 09:45:53,285.257
2021-10-22 09:46:33,285.271
2021-10-22 09:47:13,285.27
2021-10-22 09:47:53,285.286
2021-10-22 09:48:33,285.303
2021-10-22 09:49:14,285.303
2021-10-22 09:49:54,285.315
2021-10-22 09:50:34,285.318
2021-10-22 09:51:14,285.328
2021-10-22 09:51:54,285.345
2021-10-22 09:52:34,285.345
2021-10-22 09:53:15,285.343
2021-10-22 09:53:55,285.378
2021-10-22 09:54:35,285.375
2021-10-22 09:55:15,285.401
2021-10-22 09:55:55,285.401
2021-10-22 09:56:36,285.397
2021-10-22 09:57:16,285.416
2021-10-22 09:57:56,285.416
2021-10-22 09:58:36,285.427
2021-10-22 09:59:16,285.427
2021-10-22 09:59:56,285.448
2021-10-22 10:00:37,285.461
2021-10-22 10:01:17,285.47
2021-10-22 10:01:57,285.479
2021-10-22 10:02:37,285.479
2021-10-22 10:03:17,285.491
2021-10-22 10:03:57,285.49
2021-10-22 10:04:38,285.516
2021-10-22 10:05:18,285.523
2021-10-22 10:05:58,285.523
2021-10-22 10:06:38,285.528
2021-10-22 10:07:18,285.531
2021-10-22 10:07:59,285.549
2021-10-22 10:08:39,285.566
2021-10-22 10:09:19,285.566
2021-10-22 10:09:59,285.577
2021-10-22 10:10:39,285.59
2021-10-22 10:11:19,285.605
2021-10-22 10:12:00,285.603
2021-10-22 10:12:40,285.603
2021-10-22 10:13:20,285.614
2021-10-22 10:14:00,285.629
2021-10-22 10:14:41,285.64
2021-10-22 10:15:21,285.653
2021-10-22 10:16:01,285.67
2021-10-22 10:16:41,285.67
2021-10-22 10:17:21,285.683
2021-10-22 10:18:01,285.685
2021-10-22 10:18:42,285.699
2021-10-22 10:19:22,285.711
2021-10-22 10:20:02,285.711
2021-10-22 10:20:42,285.719
2021-10-22 10:21:22,285.733
2021-10-22 10:22:03,285.737
2021-10-22 10:22:43,285.742
2021-10-22 10:23:23,285.742
2021-10-22 10:24:03,285.761
2021-10-22 10:24:43,285.773
2021-10-22 10:25:23,285.786
2021-10-22 10:26:04,285.791
2021-10-22 10:26:44,285.791
2021-10-22 10:27:24,285.799
2021-10-22 10:28:04,285.816
2021-10-22 10:28:44,285.827
2021-10-22 10:29:25,285.837
2021-10-22 10:30:05,285.837
2021-10-22 10:30:45,285.849
2021-10-22 10:31:25,285.856
2021-10-22 10:32:05,285.884
2021-10-22 10:32:45,285.868
2021-10-22 10:33:25,285.868
2021-10-22 10:34:06,285.895
2021-10-22 10:34:46,285.904
2021-10-22 10:35:26,285.912
2021-10-22 10:36:06,285.928
2021-10-22 10:36:46,285.928
2021-10-22 10:37:27,285.932
2021-10-22 10:38:07,285.945
2021-10-22 10:38:47,285.953
2021-10-22 10:39:27,285.949
2021-10-22 10:40:07,285.949
2021-10-22 10:40:48,285.969
2021-10-22 10:41:28,285.989
2021-10-22 10:42:08,286.0
2021-10-22 10:42:48,286.013
2021-10-22 10:43:28,286.013
2021-10-22 10:44:08,286.011
2021-10-22 10:44:49,286.039
2021-10-22 10:45:29,286.043
2021-10-22 10:46:09,286.046
2021-10-22 10:46:49,286.046
2021-10-22 10:47:29,286.067
2021-10-22 10:48:09,286.071
2021-10-22 10:48:50,286.087
2021-10-22 10:49:30,286.094
2021-10-22 10:50:10,286.094
2021-10-22 10:50:50,286.114
2021-10-22 10:51:30,286.122
2021-10-22 10:52:10,286.132
2021-10-22 10:52:51,286.142
2021-10-22 10:53:31,286.171
2021-10-22 10:54:11,286.171
2021-10-22 10:54:51,286.167
2021-10-22 10:55:31,286.173
2021-10-22 10:56:12,286.185
2021-10-22 10:56:52,286.196
2021-10-22 10:57:32,286.196
2021-10-22 10:58:12,286.196
2021-10-22 10:58:52,286.218
2021-10-22 10:59:33,286.235
2021-10-22 11:00:13,286.247
2021-10-22 11:00:53,286.247
2021-10-22 11:01:33,286.253
2021-10-22 11:02:13,286.258
2021-10-22 11:02:53,286.28
2021-10-22 11:03:33,286.287
2021-10-22 11:04:14,286.287
2021-10-22 11:04:54,286.301
2021-10-22 11:05:34,286.308
2021-10-22 11:06:14,286.32
2021-10-22 11:06:54,286.333
2021-10-22 11:07:35,286.333
2021-10-22 11:08:15,286.336
2021-10-22 11:08:55,286.358
2021-10-22 11:09:35,286.358
2021-10-22 11:10:15,286.366
2021-10-22 11:10:55,286.366
2021-10-22 11:11:35,286.387
2021-10-22 11:12:16,286.387
2021-10-22 11:12:56,286.402
2021-10-22 11:13:36,286.415
2021-10-22 11:14:16,286.415
2021-10-22 11:14:56,286.436
2021-10-22 11:15:36,286.437
2021-10-22 11:16:17,286.449
2021-10-22 11:16:57,286.455
2021-10-22 11:17:37,286.455
2021-10-22 11:18:17,286.478
2021-10-22 11:18:57,286.484
2021-10-22 11:19:37,286.479
2021-10-22 11:20:18,286.501
2021-10-22 11:20:58,286.501
2021-10-22 11:21:38,286.524
2021-10-22 11:22:18,286.527
2021-10-22 11:22:58,286.532
2021-10-22 11:23:39,286.544
2021-10-22 11:24:19,286.544
2021-10-22 11:24:59,286.566
2021-10-22 11:25:39,286.566
2021-10-22 11:26:19,286.58
2021-10-22 11:26:59,286.601
2021-10-22 11:27:40,286.601
2021-10-22 11:28:20,286.586
2021-10-22 11:29:00,286.609
2021-10-22 11:29:40,286.617
2021-10-22 11:30:20,286.621
2021-10-22 11:31:00,286.621
2021-10-22 11:31:41,286.639
2021-10-22 11:32:21,286.646
2021-10-22 11:33:01,286.677
2021-10-22 11:33:41,286.659
2021-10-22 11:34:22,286.682
2021-10-22 11:35:02,286.682
2021-10-22 11:35:42,286.699
2021-10-22 11:36:22,286.703
2021-10-22 11:37:02,286.722
2021-10-22 11:37:42,286.724
2021-10-22 11:38:23,286.724
2021-10-22 11:39:03,286.732
2021-10-22 11:39:43,286.747
2021-10-22 11:40:23,286.759
2021-10-22 11:41:03,286.756
2021-10-22 11:41:43,286.756
2021-10-22 11:42:23,286.78
2021-10-22 11:43:04,286.787
2021-10-22 11:43:44,286.799
2021-10-22 11:44:24,286.807
2021-10-22 11:45:04,286.807
2021-10-22 11:45:44,286.824
2021-10-22 11:46:24,286.829
2021-10-22 11:47:05,286.839
2021-10-22 11:47:45,286.845
2021-10-22 11:48:25,286.845
2021-10-22 11:49:05,286.854
2021-10-22 11:49:45,286.877
2021-10-22 11:50:26,286.879
2021-10-22 11:51:06,286.899
2021-10-22 11:51:46,286.899
2021-10-22 11:52:26,286.901
2021-10-22 11:53:06,286.915
2021-10-22 11:53:47,286.925
2021-10-22 11:54:27,286.92
2021-10-22 11:55:07,286.92
2021-10-22 11:55:47,286.932
2021-10-22 11:56:27,286.947
2021-10-22 11:57:07,286.965
2021-10-22 11:57:48,286.969
2021-10-22 11:58:28,286.969
2021-10-22 11:59:08,286.989
2021-10-22 11:59:48,286.991
2021-10-22 12:00:28,287.008
2021-10-22 12:01:08,287.011
2021-10-22 12:01:49,287.011
2021-10-22 12:02:29,287.013
2021-10-22 12:03:09,287.034
2021-10-22 12:03:49,287.046
2021-10-22 12:04:29,287.056
2021-10-22 12:05:10,287.056
2021-10-22 12:05:50,287.055
2021-10-22 12:06:30,287.063
2021-10-22 12:07:10,287.091
2021-10-22 12:07:50,287.099
2021-10-22 12:08:31,287.099
2021-10-22 12:09:11,287.111
2021-10-22 12:09:51,287.108
2021-10-22 12:10:31,287.131
2021-10-22 12:11:11,287.141
2021-10-22 12:11:51,287.141
2021-10-22 12:12:32,287.141
2021-10-22 12:13:12,287.157
2021-10-22 12:13:52,287.146
2021-10-22 12:14:32,287.18
2021-10-22 12:15:12,287.189
2021-10-22 12:15:53,287.189
2021-10-22 12:16:33,287.181
2021-10-22 12:17:13,287.195
2021-10-22 12:17:53,287.22
2021-10-22 12:18:33,287.288
2021-10-22 12:19:13,287.288
2021-10-22 12:19:54,287.399
2021-10-22 12:20:34,287.506
2021-10-22 12:21:14,287.583
2021-10-22 12:21:54,287.629
2021-10-22 12:22:34,287.629
2021-10-22 12:23:15,287.677
2021-10-22 12:23:55,287.701
2021-10-22 12:24:35,287.735
2021-10-22 12:25:15,287.76
2021-10-22 12:25:55,287.76
2021-10-22 12:26:36,287.784
2021-10-22 12:27:16,287.801
2021-10-22 12:27:56,287.825
2021-10-22 12:28:36,287.837
2021-10-22 12:29:16,287.837
2021-10-22 12:29:56,287.851
2021-10-22 12:30:37,287.866
2021-10-22 12:31:17,287.881
2021-10-22 12:31:57,287.885
2021-10-22 12:32:37,287.885
2021-10-22 12:33:17,287.902
2021-10-22 12:33:58,287.917
2021-10-22 12:34:38,287.933
2021-10-22 12:35:18,287.962
2021-10-22 12:35:58,287.962
2021-10-22 12:36:38,287.978
2021-10-22 12:37:18,288.011
2021-10-22 12:37:59,288.04
2021-10-22 12:38:39,288.071
2021-10-22 12:39:19,288.071
2021-10-22 12:39:59,288.105
2021-10-22 12:40:39,288.156
2021-10-22 12:41:20,288.179
2021-10-22 12:42:00,288.228
2021-10-22 12:42:40,288.228
2021-10-22 12:43:20,288.246
2021-10-22 12:44:00,288.29
2021-10-22 12:44:41,288.306
2021-10-22 12:45:21,288.342
2021-10-22 12:46:01,288.342
2021-10-22 12:46:41,288.375
2021-10-22 12:47:21,288.403
2021-10-22 12:48:01,288.412
2021-10-22 12:48:42,288.455
2021-10-22 12:49:22,288.455
2021-10-22 12:50:02,288.482
2021-10-22 12:50:42,288.511
2021-10-22 12:51:22,288.542
2021-10-22 12:52:03,288.561
2021-10-22 12:52:43,288.588
2021-10-22 12:53:23,288.588
2021-10-22 12:54:03,288.617
2021-10-22 12:54:43,288.65
2021-10-22 12:55:24,288.649
2021-10-22 12:56:04,288.709
2021-10-22 12:56:44,288.709
2021-10-22 12:57:24,288.721
2021-10-22 12:58:04,288.739
2021-10-22 12:58:45,288.766
2021-10-22 12:59:25,288.791
2021-10-22 13:00:05,288.791
2021-10-22 13:00:45,288.819
2021-10-22 13:01:25,288.842
2021-10-22 13:02:06,288.842
2021-10-22 13:02:46,288.878
2021-10-22 13:03:26,288.878
2021-10-22 13:04:06,288.895
2021-10-22 13:04:46,288.926
2021-10-22 13:05:26,288.958
2021-10-22 13:06:06,288.96
2021-10-22 13:06:47,288.96
2021-10-22 13:07:27,288.994
2021-10-22 13:08:07,289.008
2021-10-22 13:08:47,289.019
2021-10-22 13:09:27,289.053
2021-10-22 13:10:07,289.053
2021-10-22 13:10:48,289.069
2021-10-22 13:11:28,289.089
2021-10-22 13:12:08,289.111
2021-10-22 13:12:48,289.138
2021-10-22 13:13:28,289.138
2021-10-22 13:14:08,289.135
2021-10-22 13:14:49,289.167
2021-10-22 13:15:29,289.184
2021-10-22 13:16:09,289.213
2021-10-22 13:16:49,289.213
2021-10-22 13:17:29,289.21
2021-10-22 13:18:09,289.234
2021-10-22 13:18:50,289.232
2021-10-22 13:19:30,289.245
2021-10-22 13:20:10,289.245
2021-10-22 13:20:50,289.289
2021-10-22 13:21:30,289.322
2021-10-22 13:22:11,289.392
2021-10-22 13:22:51,289.412
2021-10-22 13:23:31,289.412
2021-10-22 13:24:11,289.466
2021-10-22 13:24:51,289.484
2021-10-22 13:25:32,289.537
2021-10-22 13:26:12,289.57
2021-10-22 13:26:52,289.57
2021-10-22 13:27:32,289.609
2021-10-22 13:28:12,289.655
2021-10-22 13:28:52,289.694
2021-10-22 13:29:32,289.716
2021-10-22 13:30:13,289.716
2021-10-22 13:30:53,289.778
2021-10-22 13:31:33,289.838
2021-10-22 13:32:13,289.882
2021-10-22 13:32:54,289.934
2021-10-22 13:33:34,289.98
2021-10-22 13:34:14,289.98
2021-10-22 13:34:54,290.019
2021-10-22 13:35:34,290.067
2021-10-22 13:36:15,290.167
2021-10-22 13:36:55,290.281
2021-10-22 13:37:35,290.281
2021-10-22 13:38:15,290.374
2021-10-22 13:38:55,290.481
2021-10-22 13:39:35,290.561
2021-10-22 13:40:16,290.64
2021-10-22 13:40:56,290.64
2021-10-22 13:41:36,290.69
2021-10-22 13:42:16,290.767
2021-10-22 13:42:56,290.869
2021-10-22 13:43:37,290.957
2021-10-22 13:44:17,290.957
2021-10-22 13:44:57,290.983
2021-10-22 13:45:37,291.01
2021-10-22 13:46:17,291.035
2021-10-22 13:46:57,291.047
2021-10-22 13:47:38,291.047
2021-10-22 13:48:18,291.071
2021-10-22 13:48:58,291.076
2021-10-22 13:49:38,291.084
2021-10-22 13:50:18,291.108
2021-10-22 13:50:59,291.108
2021-10-22 13:51:39,291.121
2021-10-22 13:52:19,291.137
2021-10-22 13:52:59,291.148
2021-10-22 13:53:39,291.167
2021-10-22 13:54:20,291.167
2021-10-22 13:55:00,291.185
2021-10-22 13:55:40,291.21
2021-10-22 13:56:20,291.228
2021-10-22 13:57:00,291.246
2021-10-22 13:57:40,291.246
2021-10-22 13:58:21,291.26
2021-10-22 13:59:01,291.28
2021-10-22 13:59:41,291.303
2021-10-22 14:00:21,291.319
2021-10-22 14:01:01,291.319
2021-10-22 14:01:41,291.339
2021-10-22 14:02:22,291.353
2021-10-22 14:03:02,291.36
2021-10-22 14:03:42,291.393
2021-10-22 14:04:22,291.393
2021-10-22 14:05:02,291.421
2021-10-22 14:05:43,291.437
2021-10-22 14:06:23,291.445
2021-10-22 14:07:03,291.472
2021-10-22 14:07:43,291.472
2021-10-22 14:08:24,291.494
2021-10-22 14:09:04,291.512
2021-10-22 14:09:44,291.53
2021-10-22 14:10:24,291.564
2021-10-22 14:11:04,291.586
2021-10-22 14:11:44,291.586
2021-10-22 14:12:24,291.609
2021-10-22 14:13:05,291.626
2021-10-22 14:13:45,291.636
2021-10-22 14:14:25,291.654
2021-10-22 14:15:05,291.654
2021-10-22 14:15:45,291.671
2021-10-22 14:16:26,291.702
2021-10-22 14:17:06,291.714
2021-10-22 14:17:46,291.735
2021-10-22 14:18:26,291.735
2021-10-22 14:19:06,291.757
2021-10-22 14:19:46,291.775
2021-10-22 14:20:27,291.789
2021-10-22 14:21:07,291.801
2021-10-22 14:21:47,291.801
2021-10-22 14:22:27,291.829
2021-10-22 14:23:08,291.859
2021-10-22 14:23:48,291.875
2021-10-22 14:24:28,291.886
2021-10-22 14:25:08,291.886
2021-10-22 14:25:48,291.917
2021-10-22 14:26:28,291.923
2021-10-22 14:27:09,291.937
2021-10-22 14:27:49,291.971
2021-10-22 14:28:29,291.971
2021-10-22 14:29:09,291.976
2021-10-22 14:29:49,291.99
2021-10-22 14:30:29,292.004
2021-10-22 14:31:10,292.018
2021-10-22 14:31:50,292.018
2021-10-22 14:32:30,292.056
2021-10-22 14:33:10,292.06
2021-10-22 14:33:50,292.071
2021-10-22 14:34:31,292.09
2021-10-22 14:35:11,292.09
2021-10-22 14:35:51,292.118
2021-10-22 14:36:31,292.13
2021-10-22 14:37:11,292.128
2021-10-22 14:37:52,292.147
2021-10-22 14:38:32,292.147
2021-10-22 14:39:12,292.172
2021-10-22 14:39:52,292.207
2021-10-22 14:40:32,292.227
2021-10-22 14:41:13,292.247
2021-10-22 14:41:53,292.247
2021-10-22 14:42:33,292.257
2021-10-22 14:43:13,292.284
2021-10-22 14:43:53,292.327
2021-10-22 14:44:34,292.414
2021-10-22 14:45:14,292.414
2021-10-22 14:45:54,292.443
2021-10-22 14:46:34,292.469
2021-10-22 14:47:14,292.461
2021-10-22 14:47:55,292.49
2021-10-22 14:48:35,292.498
2021-10-22 14:49:15,292.498
2021-10-22 14:49:55,292.499
2021-10-22 14:50:35,292.521
2021-10-22 14:51:15,292.522
2021-10-22 14:51:56,292.537
2021-10-22 14:52:36,292.537
2021-10-22 14:53:16,292.535
2021-10-22 14:53:56,292.55
2021-10-22 14:54:36,292.564
2021-10-22 14:55:17,292.572
2021-10-22 14:55:57,292.572
2021-10-22 14:56:37,292.593
2021-10-22 14:57:17,292.597
2021-10-22 14:57:57,292.612
2021-10-22 14:58:38,292.615
2021-10-22 14:59:18,292.615
2021-10-22 14:59:58,292.597
2021-10-22 15:00:38,292.612
2021-10-22 15:01:18,292.61
2021-10-22 15:01:58,292.609
2021-10-22 15:02:39,292.609
2021-10-22 15:03:19,292.608
2021-10-22 15:03:59,292.609
2021-10-22 15:04:39,292.594
2021-10-22 15:05:19,292.609
2021-10-22 15:05:59,292.609
2021-10-22 15:06:40,292.609
2021-10-22 15:07:20,292.601
2021-10-22 15:08:00,292.613
2021-10-22 15:08:40,292.599
2021-10-22 15:09:20,292.599
2021-10-22 15:10:01,292.598
2021-10-22 15:10:41,292.605
2021-10-22 15:11:21,292.611
2021-10-22 15:12:01,292.607
2021-10-22 15:12:41,292.607
2021-10-22 15:13:21,292.61
2021-10-22 15:14:02,292.614
2021-10-22 15:14:42,292.604
2021-10-22 15:15:22,292.604
2021-10-22 15:16:02,292.604
2021-10-22 15:16:42,292.607
2021-10-22 15:17:22,292.597
2021-10-22 15:18:03,292.599
2021-10-22 15:18:43,292.602
2021-10-22 15:19:23,292.602
2021-10-22 15:20:03,292.619
2021-10-22 15:20:43,292.599
2021-10-22 15:21:24,292.618
2021-10-22 15:22:04,292.599
2021-10-22 15:22:44,292.599
2021-10-22 15:23:24,292.613
2021-10-22 15:24:04,292.609
2021-10-22 15:24:45,292.604
2021-10-22 15:25:25,292.604
2021-10-22 15:26:05,292.611
2021-10-22 15:26:45,292.611
2021-10-22 15:27:25,292.602
2021-10-22 15:28:06,292.603
2021-10-22 15:28:46,292.598
2021-10-22 15:29:26,292.613
2021-10-22 15:30:06,292.613
2021-10-22 15:30:46,292.616
2021-10-22 15:31:27,292.617
2021-10-22 15:32:07,292.607
2021-10-22 15:32:47,292.618
2021-10-22 15:33:27,292.618
2021-10-22 15:34:07,292.621
2021-10-22 15:34:48,292.614
2021-10-22 15:35:28,292.61
2021-10-22 15:36:08,292.621
2021-10-22 15:36:48,292.621
2021-10-22 15:37:28,292.606
2021-10-22 15:38:08,292.615
2021-10-22 15:38:49,292.616
2021-10-22 15:39:29,292.608
2021-10-22 15:40:09,292.608
2021-10-22 15:40:49,292.62
2021-10-22 15:41:29,292.592
2021-10-22 15:42:10,292.52
2021-10-22 15:42:50,292.461
2021-10-22 15:43:30,292.461
2021-10-22 15:44:10,292.415
2021-10-22 15:44:50,292.371
2021-10-22 15:45:30,292.339
2021-10-22 15:46:10,292.313
2021-10-22 15:46:51,292.313
2021-10-22 15:47:31,292.294
2021-10-22 15:48:11,292.271
2021-10-22 15:48:51,292.245
2021-10-22 15:49:31,292.256
2021-10-22 15:50:11,292.256
2021-10-22 15:50:52,292.244
2021-10-22 15:51:32,292.227
2021-10-22 15:52:12,292.236
2021-10-22 15:52:52,292.235
2021-10-22 15:53:32,292.235
2021-10-22 15:54:12,292.232
2021-10-22 15:54:53,292.217
2021-10-22 15:55:33,292.223
2021-10-22 15:56:13,292.22
2021-10-22 15:56:53,292.22
2021-10-22 15:57:33,292.224
2021-10-22 15:58:13,292.219
2021-10-22 15:58:53,292.214
2021-10-22 15:59:34,292.213
2021-10-22 16:00:14,292.213
2021-10-22 16:00:54,292.215
2021-10-22 16:01:34,292.195
2021-10-22 16:02:14,292.213
2021-10-22 16:02:54,292.218
2021-10-22 16:03:35,292.218
2021-10-22 16:04:15,292.204
2021-10-22 16:04:55,292.215
2021-10-22 16:05:35,292.207
2021-10-22 16:06:15,292.207
2021-10-22 16:06:56,292.205
2021-10-22 16:07:36,292.205
2021-10-22 16:08:16,292.205
2021-10-22 16:08:56,292.197
2021-10-22 16:09:36,292.21
2021-10-22 16:10:16,292.198
2021-10-22 16:10:57,292.198
2021-10-22 16:11:37,292.21
2021-10-22 16:12:17,292.199
2021-10-22 16:12:57,292.207
2021-10-22 16:13:37,292.201
2021-10-22 16:14:17,292.201
2021-10-22 16:14:58,292.189
2021-10-22 16:15:38,292.196
2021-10-22 16:16:18,292.197
2021-10-22 16:16:58,292.193
2021-10-22 16:17:38,292.193
2021-10-22 16:18:18,292.197
2021-10-22 16:18:59,292.191
2021-10-22 16:19:39,292.203
2021-10-22 16:20:19,292.192
2021-10-22 16:20:59,292.192
2021-10-22 16:21:39,292.196
2021-10-22 16:22:20,292.196
2021-10-22 16:23:00,292.198
2021-10-22 16:23:40,292.191
2021-10-22 16:24:20,292.191
2021-10-22 16:25:00,292.189
2021-10-22 16:25:41,292.179
2021-10-22 16:26:21,292.199
2021-10-22 16:27:01,292.195
2021-10-22 16:27:41,292.195
2021-10-22 16:28:21,292.189
2021-10-22 16:29:01,292.192
2021-10-22 16:29:42,292.198
2021-10-22 16:30:22,292.19
2021-10-22 16:31:02,292.19
2021-10-22 16:31:42,292.192
2021-10-22 16:32:22,292.185
2021-10-22 16:33:03,292.176
2021-10-22 16:33:43,292.188
2021-10-22 16:34:23,292.188
2021-10-22 16:35:03,292.183
2021-10-22 16:35:43,292.137
2021-10-22 16:36:24,292.092
2021-10-22 16:37:04,292.006
2021-10-22 16:37:44,292.006
2021-10-22 16:38:24,291.914
2021-10-22 16:39:04,291.794
2021-10-22 16:39:44,291.655
2021-10-22 16:40:25,291.486
2021-10-22 16:41:05,291.486
2021-10-22 16:41:45,291.302
2021-10-22 16:42:25,291.106
2021-10-22 16:43:05,290.862
2021-10-22 16:43:46,290.638
2021-10-22 16:44:26,290.375
2021-10-22 16:45:06,290.375
2021-10-22 16:45:46,290.105
2021-10-22 16:46:26,289.805
2021-10-22 16:47:06,289.507
2021-10-22 16:47:47,289.196
2021-10-22 16:48:27,289.196
2021-10-22 16:49:07,288.857
2021-10-22 16:49:47,288.527
2021-10-22 16:50:27,288.161
2021-10-22 16:51:07,287.812
2021-10-22 16:51:48,287.812
2021-10-22 16:52:28,287.445
2021-10-22 16:53:08,287.062
2021-10-22 16:53:48,286.663
2021-10-22 16:54:28,286.261
2021-10-22 16:55:08,286.261
2021-10-22 16:55:48,285.856
2021-10-22 16:56:29,285.472
2021-10-22 16:57:09,285.062
2021-10-22 16:57:49,284.666
2021-10-22 16:58:29,284.666
2021-10-22 16:59:09,284.251
2021-10-22 16:59:49,283.831
2021-10-22 17:00:29,283.401
2021-10-22 17:01:10,282.97
2021-10-22 17:01:50,282.97
2021-10-22 17:02:30,282.516
2021-10-22 17:03:10,282.066
2021-10-22 17:03:50,281.625
2021-10-22 17:04:30,281.175
2021-10-22 17:05:10,281.175
2021-10-22 17:05:51,280.694
2021-10-22 17:06:31,280.239
2021-10-22 17:07:11,279.77
2021-10-22 17:07:51,279.305
2021-10-22 17:08:31,279.305
2021-10-22 17:09:12,278.825
2021-10-22 17:09:52,278.348
2021-10-22 17:10:32,277.849
2021-10-22 17:11:12,277.374
2021-10-22 17:11:52,277.374
2021-10-22 17:12:32,276.882
2021-10-22 17:13:13,276.378
2021-10-22 17:13:53,275.875
2021-10-22 17:14:33,275.38
2021-10-22 17:15:13,275.38
2021-10-22 17:15:53,274.864
2021-10-22 17:16:33,274.334
2021-10-22 17:17:13,273.809
2021-10-22 17:17:54,273.286
2021-10-22 17:18:34,273.286
2021-10-22 17:19:14,272.751
2021-10-22 17:19:54,272.207
2021-10-22 17:20:34,271.678
2021-10-22 17:21:14,271.136
2021-10-22 17:21:54,271.136
2021-10-22 17:22:35,270.605
2021-10-22 17:23:15,270.061
2021-10-22 17:23:55,269.516
2021-10-22 17:24:35,268.976
2021-10-22 17:25:15,268.976
2021-10-22 17:25:56,268.446
2021-10-22 17:26:36,267.904
2021-10-22 17:27:16,267.377
2021-10-22 17:27:56,266.827
2021-10-22 17:28:36,266.287
2021-10-22 17:29:17,266.287
2021-10-22 17:29:57,265.765
2021-10-22 17:30:37,265.202
2021-10-22 17:31:17,264.667
2021-10-22 17:31:57,264.117
2021-10-22 17:32:37,264.117
2021-10-22 17:33:18,263.577
2021-10-22 17:33:58,263.045
2021-10-22 17:34:38,262.515
2021-10-22 17:35:18,261.978
2021-10-22 17:35:58,261.978
2021-10-22 17:36:38,261.446
2021-10-22 17:37:19,260.918
2021-10-22 17:37:59,260.382
2021-10-22 17:38:39,259.847
2021-10-22 17:39:19,259.847
2021-10-22 17:39:59,259.303
2021-10-22 17:40:39,258.787
2021-10-22 17:41:20,258.258
2021-10-22 17:42:00,257.735
2021-10-22 17:42:40,257.735
2021-10-22 17:43:20,257.212
2021-10-22 17:44:00,256.691
2021-10-22 17:44:40,256.171
2021-10-22 17:45:21,255.649
2021-10-22 17:46:01,255.649
2021-10-22 17:46:41,255.131
2021-10-22 17:47:21,254.616
2021-10-22 17:48:01,254.086
2021-10-22 17:48:41,253.572
2021-10-22 17:49:22,253.572
2021-10-22 17:50:02,253.045
2021-10-22 17:50:42,252.548
2021-10-22 17:51:22,252.044
2021-10-22 17:52:02,251.539
2021-10-22 17:52:43,251.539
2021-10-22 17:53:23,251.039
2021-10-22 17:54:03,250.534
2021-10-22 17:54:43,250.039
2021-10-22 17:55:23,249.538
2021-10-22 17:56:03,249.538
2021-10-22 17:56:43,249.031
2021-10-22 17:57:24,248.538
2021-10-22 17:58:04,248.034
2021-10-22 17:58:44,247.536
2021-10-22 17:59:24,247.536
2021-10-22 18:00:04,247.056
2021-10-22 18:00:44,246.573
2021-10-22 18:01:25,246.088
2021-10-22 18:02:05,245.605
2021-10-22 18:02:45,245.605
2021-10-22 18:03:25,245.132
2021-10-22 18:04:05,244.643
2021-10-22 18:04:45,244.167
2021-10-22 18:05:26,243.681
2021-10-22 18:06:06,243.681
2021-10-22 18:06:46,243.209
2021-10-22 18:07:26,242.734
2021-10-22 18:08:06,242.262
2021-10-22 18:08:46,241.787
2021-10-22 18:09:27,241.787
2021-10-22 18:10:07,241.331
2021-10-22 18:10:47,240.862
2021-10-22 18:11:27,240.407
2021-10-22 18:12:07,239.951
2021-10-22 18:12:48,239.479
2021-10-22 18:13:28,239.479
2021-10-22 18:14:08,239.028
2021-10-22 18:14:48,238.559
2021-10-22 18:15:28,238.11
2021-10-22 18:16:08,237.655
2021-10-22 18:16:49,237.655
2021-10-22 18:17:29,237.204
2021-10-22 18:18:09,236.75
2021-10-22 18:18:49,236.298
2021-10-22 18:19:29,235.858
2021-10-22 18:20:09,235.858
2021-10-22 18:20:49,235.417
2021-10-22 18:21:30,234.977
2021-10-22 18:22:10,234.538
2021-10-22 18:22:50,234.095
2021-10-22 18:23:30,234.095
2021-10-22 18:24:10,233.664
2021-10-22 18:24:50,233.226
2021-10-22 18:25:31,232.787
2021-10-22 18:26:11,232.363
2021-10-22 18:26:51,232.363
2021-10-22 18:27:31,231.918
2021-10-22 18:28:11,231.494
2021-10-22 18:28:51,231.058
2021-10-22 18:29:31,230.645
2021-10-22 18:30:11,230.645
2021-10-22 18:30:52,230.216
2021-10-22 18:31:32,229.8
2021-10-22 18:32:12,229.385
2021-10-22 18:32:52,228.963
2021-10-22 18:33:32,228.963
2021-10-22 18:34:13,228.543
2021-10-22 18:34:53,228.122
2021-10-22 18:35:33,227.719
2021-10-22 18:36:13,227.304
2021-10-22 18:36:53,227.304
2021-10-22 18:37:34,226.887
2021-10-22 18:38:14,226.48
2021-10-22 18:38:54,226.075
2021-10-22 18:39:34,225.65
2021-10-22 18:40:14,225.65
2021-10-22 18:40:55,225.249
2021-10-22 18:41:35,224.85
2021-10-22 18:42:15,224.462
2021-10-22 18:42:55,224.067
2021-10-22 18:43:35,224.067
2021-10-22 18:44:15,223.658
2021-10-22 18:44:56,223.262
2021-10-22 18:45:36,222.868
2021-10-22 18:46:16,222.483
2021-10-22 18:46:56,222.483
2021-10-22 18:47:36,222.077
2021-10-22 18:48:16,221.686
2021-10-22 18:48:56,221.301
2021-10-22 18:49:37,220.909
2021-10-22 18:50:17,220.909
2021-10-22 18:50:57,220.508
2021-10-22 18:51:37,220.123
2021-10-22 18:52:17,219.746
2021-10-22 18:52:58,219.364
2021-10-22 18:53:38,218.974
2021-10-22 18:54:18,218.974
2021-10-22 18:54:58,218.608
2021-10-22 18:55:38,218.222
2021-10-22 18:56:18,217.856
2021-10-22 18:56:58,217.467
2021-10-22 18:57:39,217.467
2021-10-22 18:58:19,217.094
2021-10-22 18:58:59,216.717
2021-10-22 18:59:39,216.355
2021-10-22 19:00:19,215.971
2021-10-22 19:00:59,215.971
2021-10-22 19:01:40,215.598
2021-10-22 19:02:20,215.221
2021-10-22 19:03:00,214.858
2021-10-22 19:03:40,214.487
2021-10-22 19:04:20,214.487
2021-10-22 19:05:00,214.137
2021-10-22 19:05:41,213.78
2021-10-22 19:06:21,213.409
2021-10-22 19:07:01,213.051
2021-10-22 19:07:41,213.051
2021-10-22 19:08:21,212.691
2021-10-22 19:09:01,212.329
2021-10-22 19:09:42,211.973
2021-10-22 19:10:22,211.623
2021-10-22 19:11:02,211.623
2021-10-22 19:11:42,211.266
2021-10-22 19:12:22,210.904
2021-10-22 19:13:03,210.547
2021-10-22 19:13:43,210.191
2021-10-22 19:14:23,210.191
2021-10-22 19:15:03,209.842
2021-10-22 19:15:43,209.495
2021-10-22 19:16:23,209.144
2021-10-22 19:17:04,208.808
2021-10-22 19:17:44,208.808
2021-10-22 19:18:24,208.459
2021-10-22 19:19:04,208.12
2021-10-22 19:19:44,207.773
2021-10-22 19:20:24,207.43
2021-10-22 19:21:04,207.43
2021-10-22 19:21:45,207.091
2021-10-22 19:22:25,206.746
2021-10-22 19:23:05,206.413
2021-10-22 19:23:45,206.07
2021-10-22 19:24:25,206.07
2021-10-22 19:25:05,205.734
2021-10-22 19:25:45,205.392
2021-10-22 19:26:26,205.05
2021-10-22 19:27:06,204.724
2021-10-22 19:27:46,204.724
2021-10-22 19:28:26,204.391
2021-10-22 19:29:06,204.061
2021-10-22 19:29:46,203.736
2021-10-22 19:30:27,203.414
2021-10-22 19:31:07,203.414
2021-10-22 19:31:47,203.085
2021-10-22 19:32:27,202.755
2021-10-22 19:33:07,202.43
2021-10-22 19:33:47,202.101
2021-10-22 19:34:27,202.101
2021-10-22 19:35:08,201.782
2021-10-22 19:35:48,201.455
2021-10-22 19:36:28,201.126
2021-10-22 19:37:08,200.806
2021-10-22 19:37:48,200.477
2021-10-22 19:38:28,200.477
2021-10-22 19:39:08,200.154
2021-10-22 19:39:49,199.841
2021-10-22 19:40:29,199.526
2021-10-22 19:41:09,199.209
2021-10-22 19:41:49,199.209
2021-10-22 19:42:29,198.898
2021-10-22 19:43:09,198.587
2021-10-22 19:43:50,198.274
2021-10-22 19:44:30,197.96
2021-10-22 19:45:10,197.96
2021-10-22 19:45:50,197.646
2021-10-22 19:46:30,197.335
2021-10-22 19:47:10,197.017
2021-10-22 19:47:51,196.713
2021-10-22 19:48:31,196.713
2021-10-22 19:49:11,196.409
2021-10-22 19:49:51,196.093
2021-10-22 19:50:31,195.784
2021-10-22 19:51:12,195.476
2021-10-22 19:51:52,195.476
2021-10-22 19:52:32,195.171
2021-10-22 19:53:12,194.858
2021-10-22 19:53:52,194.544
2021-10-22 19:54:32,194.243
2021-10-22 19:55:12,194.243
2021-10-22 19:55:53,193.944
2021-10-22 19:56:33,193.644
2021-10-22 19:57:13,193.348
2021-10-22 19:57:53,193.055
2021-10-22 19:58:33,193.055
2021-10-22 19:59:14,192.749
2021-10-22 19:59:54,192.45
2021-10-22 20:00:34,192.15
2021-10-22 20:01:14,191.859
2021-10-22 20:01:54,191.859
2021-10-22 20:02:34,191.565
2021-10-22 20:03:15,191.269
2021-10-22 20:03:55,190.969
2021-10-22 20:04:35,190.675
2021-10-22 20:05:15,190.675
2021-10-22 20:05:55,190.379
2021-10-22 20:06:35,190.085
2021-10-22 20:07:15,189.795
2021-10-22 20:07:56,189.504
2021-10-22 20:08:36,189.504
2021-10-22 20:09:16,189.221
2021-10-22 20:09:56,188.936
2021-10-22 20:10:36,188.649
2021-10-22 20:11:16,188.364
2021-10-22 20:11:56,188.364
2021-10-22 20:12:37,188.082
2021-10-22 20:13:17,187.798
2021-10-22 20:13:57,187.514
2021-10-22 20:14:37,187.222
2021-10-22 20:15:17,187.222
2021-10-22 20:15:57,186.933
2021-10-22 20:16:38,186.663
2021-10-22 20:17:18,186.374
2021-10-22 20:17:58,186.093
2021-10-22 20:18:38,186.093
2021-10-22 20:19:18,185.814
2021-10-22 20:19:58,185.527
2021-10-22 20:20:38,185.246
2021-10-22 20:21:18,184.965
2021-10-22 20:21:58,184.965
2021-10-22 20:22:39,184.689
2021-10-22 20:23:19,184.414
2021-10-22 20:23:59,184.143
2021-10-22 20:24:39,183.868
2021-10-22 20:25:19,183.868
2021-10-22 20:25:59,183.595
2021-10-22 20:26:39,183.322
2021-10-22 20:27:20,183.049
2021-10-22 20:28:00,182.777
2021-10-22 20:28:40,182.777
2021-10-22 20:29:20,182.503
2021-10-22 20:30:00,182.226
2021-10-22 20:30:41,181.962
2021-10-22 20:31:21,181.694
2021-10-22 20:32:01,181.694
2021-10-22 20:32:41,181.418
2021-10-22 20:33:21,181.148
2021-10-22 20:34:01,180.872
2021-10-22 20:34:41,180.601
2021-10-22 20:35:22,180.601
2021-10-22 20:36:02,180.329
2021-10-22 20:36:42,180.067
2021-10-22 20:37:22,179.799
2021-10-22 20:38:02,179.537
2021-10-22 20:38:42,179.537
2021-10-22 20:39:23,179.278
2021-10-22 20:40:03,179.016
2021-10-22 20:40:43,178.754
2021-10-22 20:41:23,178.491
2021-10-22 20:42:03,178.491
2021-10-22 20:42:43,178.23
2021-10-22 20:43:23,177.967
2021-10-22 20:44:04,177.714
2021-10-22 20:44:44,177.45
2021-10-22 20:45:24,177.184
2021-10-22 20:46:04,177.184
2021-10-22 20:46:44,176.926
2021-10-22 20:47:25,176.666
2021-10-22 20:48:05,176.405
2021-10-22 20:48:45,176.144
2021-10-22 20:49:25,176.144
2021-10-22 20:50:05,175.886
2021-10-22 20:50:45,175.621
2021-10-22 20:51:25,175.366
2021-10-22 20:52:06,175.116
2021-10-22 20:52:46,175.116
2021-10-22 20:53:26,174.857
2021-10-22 20:54:06,174.602
2021-10-22 20:54:46,174.35
2021-10-22 20:55:26,174.099
2021-10-22 20:56:06,174.099
2021-10-22 20:56:47,173.846
2021-10-22 20:57:27,173.596
2021-10-22 20:58:07,173.347
2021-10-22 20:58:47,173.094
2021-10-22 20:59:27,173.094
2021-10-22 21:00:07,172.842
2021-10-22 21:00:48,172.587
2021-10-22 21:01:28,172.348
2021-10-22 21:02:08,172.09
2021-10-22 21:02:48,172.09
2021-10-22 21:03:28,171.841
2021-10-22 21:04:08,171.594
2021-10-22 21:04:49,171.338
2021-10-22 21:05:29,171.083
2021-10-22 21:06:09,171.083
2021-10-22 21:06:49,170.844
2021-10-22 21:07:29,170.587
2021-10-22 21:08:09,170.343
2021-10-22 21:08:49,170.09
2021-10-22 21:09:30,170.09
2021-10-22 21:10:10,169.842
2021-10-22 21:10:50,169.605
2021-10-22 21:11:30,169.359
2021-10-22 21:12:10,169.12
2021-10-22 21:12:50,169.12
2021-10-22 21:13:31,168.876
2021-10-22 21:14:11,168.637
2021-10-22 21:14:51,168.397
2021-10-22 21:15:31,168.155
2021-10-22 21:16:11,168.155
2021-10-22 21:16:51,167.914
2021-10-22 21:17:32,167.675
2021-10-22 21:18:12,167.429
2021-10-22 21:18:52,167.186
2021-10-22 21:19:32,167.186
2021-10-22 21:20:12,166.952
2021-10-22 21:20:52,166.71
2021-10-22 21:21:33,166.467
2021-10-22 21:22:13,166.225
2021-10-22 21:22:53,166.225
2021-10-22 21:23:33,165.987
2021-10-22 21:24:13,165.748
2021-10-22 21:24:53,165.507
2021-10-22 21:25:33,165.267
2021-10-22 21:26:14,165.267
2021-10-22 21:26:54,165.025
2021-10-22 21:27:34,164.791
2021-10-22 21:28:14,164.559
2021-10-22 21:28:54,164.328
2021-10-22 21:29:35,164.089
2021-10-22 21:30:15,164.089
2021-10-22 21:30:55,163.863
2021-10-22 21:31:35,163.63
2021-10-22 21:32:15,163.396
2021-10-22 21:32:55,163.164
2021-10-22 21:33:35,163.164
2021-10-22 21:34:16,162.932
2021-10-22 21:34:56,162.699
2021-10-22 21:35:36,162.467
2021-10-22 21:36:16,162.234
2021-10-22 21:36:56,162.234
2021-10-22 21:37:36,162.0
2021-10-22 21:38:17,161.77
2021-10-22 21:38:57,161.536
2021-10-22 21:39:37,161.305
2021-10-22 21:40:17,161.305
2021-10-22 21:40:57,161.076
2021-10-22 21:41:37,160.841
2021-10-22 21:42:17,160.615
2021-10-22 21:42:58,160.383
2021-10-22 21:43:38,160.383
2021-10-22 21:44:18,160.145
2021-10-22 21:44:58,159.921
2021-10-22 21:45:38,159.697
2021-10-22 21:46:18,159.47
2021-10-22 21:46:59,159.47
2021-10-22 21:47:39,159.246
2021-10-22 21:48:19,159.018
2021-10-22 21:48:59,158.797
2021-10-22 21:49:39,158.572
2021-10-22 21:50:19,158.572
2021-10-22 21:50:59,158.347
2021-10-22 21:51:40,158.127
2021-10-22 21:52:20,157.899
2021-10-22 21:53:00,157.678
2021-10-22 21:53:40,157.678
2021-10-22 21:54:20,157.454
2021-10-22 21:55:00,157.233
2021-10-22 21:55:41,157.01
2021-10-22 21:56:21,156.782
2021-10-22 21:57:01,156.782
2021-10-22 21:57:41,156.562
2021-10-22 21:58:21,156.333
2021-10-22 21:59:02,156.113
2021-10-22 21:59:42,155.886
2021-10-22 22:00:22,155.886
2021-10-22 22:01:02,155.665
2021-10-22 22:01:42,155.44
2021-10-22 22:02:22,155.22
2021-10-22 22:03:02,154.994
2021-10-22 22:03:43,154.994
2021-10-22 22:04:23,154.777
2021-10-22 22:05:03,154.56
2021-10-22 22:05:43,154.342
2021-10-22 22:06:23,154.125
2021-10-22 22:07:03,154.125
2021-10-22 22:07:44,153.91
2021-10-22 22:08:24,153.698
2021-10-22 22:09:04,153.478
2021-10-22 22:09:44,153.263
